售价,原价,折扣,商品名
¥133,¥149,8.9折,Apple原装 EarPods苹果 3.5mm耳机
¥35,¥89,4.0折,【享腮红刷】腮红高光一体修容眼影哑光腮红自然样纸持久气色彩妆
¥839,¥999,8.4折,2019款苹果AirPods2真无线蓝牙耳机H1芯片更长续航
¥23,¥78,3折,PD快充20W苹果数据线适用iphone13/12/X/11/XR/8充电器手机充电线
¥44,¥220,2折,触控屏显迷你隐形入耳式运动跑步无线蓝牙耳机适用于安卓苹果
¥59,¥99,6折,苹果PD20W充电器数据线套装iPhone12/11/XsMax/XR/8手机快充头
¥18.9,¥39,4.9折,5A快充数据线三合一伸缩充电线通用苹果华为小米vivo闪充手机线
¥919,¥969,9.5折,Apple Pencil 二代手写笔
¥13起,¥19,6.9折起,苹果数据线 苹果手机iPad数据线快充充电头 苹果充电线
¥14,¥29,4.9折,苹果数据线快充iPhone6/7/8plus/X/xs/xr/11/12/13手机充电线适用
¥68,¥299,2.3折,苹果iPhone12/13pro磁吸充电宝无线大容量快充小巧便携移动电源女
¥47,¥159,3.0折,【强暖】 1200D V裆&苹果臀“倍热纳”发热加绒保暖裤袜
,,,iphone6钢化膜苹果6s全屏覆盖7plus无白边8P抗蓝光保护玻璃贴膜
¥11,¥49,2.2折,苹果4数据线4s充电线老款宽口宽头快充加长充电器线
¥59,¥118,5折,一次性懒人抹布干湿两用家用洗碗布厨房纸吸水吸油无纺布清洁纸巾
¥59,¥238,2.5折,夏季纯棉新生婴幼儿衣服短袖短裤睡衣薄款儿童内衣宝宝套装
¥22,¥69,3.2折,有线耳机3.5mm/type-c圆孔适用于华为vivo/oppo/小米苹果通用
¥24,¥75,3.2折,三片装苹果12钢化膜11promax/XR无边框7防偷窥8P手机钢化膜
¥19起,¥38,5折起,三合一数据线iPhone13适用苹果充电线器一拖三typec安卓快充加长
¥35,¥100,3.5折,【正常发货】苹果手机壳硅胶瞳眼13全包12promax磨砂情侣11潮牌
¥37,¥55,6.8折,66W快充华为数据线三合一苹果一拖三充电线type-c手机充电器快充
¥12起,¥29,4.2折起,一拖三数据线紫头快充伸缩收纳车载苹果华为安卓手机一拖三快充
¥24,¥79,3.1折,苹果数据线iPhone12/x/XR/11promax/ipad/8原厂数据线PD加长
¥19,¥69,2.8折,原装正品苹果充电数据线快充USB电源5V2A支持苹果全系列产品1.5米
¥18,¥23,7.9折,苹果充电器快充充电头iphone13/12/pro数据线手机充电线ipad原装
¥148,¥378,4折,苹果13磁吸充电宝10000毫安大容量22.5W快充迷你便携式移动电源
¥33,¥105,3.2折,手环数据线苹果华为Type-C安卓充电线小米便携手链
¥129,¥498,2.6折,原装真无线正品蓝牙耳机苹果通用13promax4代iphone12四代降噪
¥30,¥88,3.5折,【正常发货】苹果11手机壳iPhone13Promax虎年硅胶12卡通11情侣
¥33.22,¥99,3.4折,苹果7/8plus/11/12/13/11pro/12pro/xs/xr/xsmax防窥钢化膜
¥39,¥98,4折,10000毫安充电宝便携式大容量迷你快充上飞机适用于苹果华为手机
¥124,¥258,4.9折,苹果手表表带applewatch米兰尼斯旋转双色表带iwatchS7/6/5/4/3
,,,iphone8plus钢化膜苹果7P手机全屏覆盖无白边护眼抗蓝光玻璃贴膜
¥109,¥149,7.4折,ipad电容笔苹果华为小米平板触控笔电脑绘画主动式手写笔
¥39.9,¥89,4.5折,airpods保护套史努比苹果蓝牙无线耳机硅胶套查理布朗公仔保护套
¥44起,¥65,6.8折起,applepencil针管笔尖苹果ipad原装电容笔类纸膜配套替换阻尼防滑
¥178,¥669,2.7折,原装真无线蓝牙耳机适用iPhone华为苹果无线耳机智能降噪空间音频
,,,I701苹果数据线 适用于iphone12pro/X/12/11/8/7/5/6s/7Plus/ipad
¥268,¥268,无折扣,Apple原装【20W电源适配器+线控耳机】耳机+充电器
¥24,¥36,6.7折,【2件起售】小皮欧洲原装进口豌豆菠菜苹果蔬菜水果泥 宝宝辅食泥无添加糖盐
¥59,¥69.41,8.5折,苹果耳机转接头MFi音频适用于iPhone13/12/11/XR数据线U盾转换头
¥89,¥300,3折,移动电源20000毫安大容量充电宝适用苹果安卓华为手机通用充电宝
¥48,¥149,3.3折,降噪华为无线蓝牙耳机超长续航苹果双耳运动安卓小米vivo手机通用
¥35,¥126,2.8折,蓝牙耳机无线双耳运动适用于苹果oppo华为vivo小米通用触控耳机
¥34,¥62,5.5折,【智能断电】苹果充电线iPhone13数据线快充加长编织断电线
¥79,¥199,4折,18W快充迷你移动电源PD充电器通用华为苹果小米大容量充电宝
,,,iPhone11钢化膜苹果11ProMax全屏覆盖手机膜无白边蓝光屏保贴膜
¥33,¥129,2.6折,适用原装苹果有线耳机lightning扁头耳塞iPhone全系ipad蓝牙连接
¥11,¥39,2.8折,数据线三合一5A快充手机充电线车载安卓苹果华为type-c一拖三
¥79,¥199,4折,苹果快充20W升级版充电器适用iPhone13/12/11/Pro/充电头数据线
¥34,¥99,3.4折,无线鼠标静音可充电办公蓝牙鼠标适用华为苹果联想戴尔笔记本电脑
¥14.9,¥23,6.5折,高清全屏钻石膜苹果13钢化膜苹果11手机膜苹果12/xr/6/7/8p苹果膜
¥19.8,¥39,5.1折,双TYPE-C快充数据线65W充电线适用vivo华为oppo苹果笔记本闪充
¥49,¥89,5.5折,飞利浦1米 MFi认证 苹果数据线手机快充数据线
¥32,¥128,2.5折,66W快充华为数据线一拖三苹果三合一充电线type-c闪充
¥13.9,¥29.8,4.7折,酸奶溶豆益生菌酸奶豆溶豆豆 宝宝零食儿童水果味溶豆
¥49,¥169,2.9折,苹果数据线PD快充线MFI认证20W闪充手机平板充电线
¥21,¥35,6折,蓝牙耳机迷你单耳隐形无线耳机长待机适用于华为苹果安卓手机通用
¥32,¥74,4.4折,苹果数据线手机加长充电线适用苹果手机平板
¥19起,¥38,5折,一拖三数据线iPhone13华为充电线器手机三合一type-c安卓快充苹果
¥49,¥319,1.6折,【孕妇裤袜】2条80D苹果臀加肥加大富姐连裤袜托腹高腰打底裤
,,,适用于苹果数据线iphone快充PD充电线iPad充电器usb编织线
¥35,¥66,5.3折,适用苹果耳机转接头iPhone12/11X/8/7/6转换器充电听歌接口转接线
¥48,¥199,2.4折,苹果数据充电器套装适用8/7/6/ipad/11/快充数据线
¥32,¥68,4.7折,苹果充电器快充单口充电头适用安卓type-c通用手机充电头套装
¥35,¥81,4.4折,蓝牙耳机无线运动适用苹果oppo华为vivo小米通用触控超长待机男女
¥68,¥129,5.3折,20W苹果13PD充电器iphone13/12/11/X/xs手机苹果充电头快充数据线
¥153,¥599,2.6折,【优雅小圆包】新款时尚包包女斜挎包单肩手提包女包个性苹果包
¥32,¥93,3.5折,【正常发货】不沾指纹苹果手机壳iphone磨砂电镀iphonexsmax
¥10.9,¥28,3.9折,适用于苹果11手机壳液态硅胶iphonexsmax仿原全包精孔6S78P/XR/X
¥60,¥175,3.5折,iPhone13Promax透明苹果手机壳玻璃全包12mini情侣11硅胶
¥159,¥369,4.3折,智能x8蓝牙通话手表多功能学生运动手环ins适用苹果华为小米
¥115,¥400,2.9折,iPad2019苹果平板皮套air2保护套蓝牙键盘pro9.7带休眠air3
¥23.7,¥99,2.4折,苹果11手机女潮新镜头全包磨砂防摔保护套男边框硅胶
¥49,¥59,8.3折,iPad收纳包适用于iPadPro2021平板Air4可放键盘11寸内胆便携包
¥64,¥138,4.7折,苹果手表充电器apple watch磁力充底座适用iwatch6/5/4/3/2/1/SE
¥59,¥188,3.1折,蓝牙耳机无线双耳降噪可爱迷你重低音长续航华为OPPOvivo苹果通用
¥45,¥100,4.5折,iPhone13充电器苹果8-13/ipad全系列PD快充套装20W快速闪充
¥23,¥43,5.3折,苹果全系手机壳iPhone13/12/11/XsMax/8/7/6全包超薄透明气囊防摔
¥54,¥226,2.4折,电竞真无线蓝牙耳机杀神恶魔之眼双耳适用于华为oppo苹果vivo小米
¥19.9,¥23.41,8.5折,Type-C转USB3.0转接头拓展转换器U盘OTG适用于苹果电脑
¥66,¥218,3折,苹果肌提升神器去法令纹面部肌肉V脸运动棒咬肌提升双下巴瘦锻炼
¥449,¥549,8.2折,Apple/苹果 妙控无线鼠标 2 代
¥52,¥108,4.8折,【两片装】苹果13ProMax防窥钢化膜12Pro高清防尘苹果11全屏XsMaX
¥47,¥60,7.9折,【莓果多维】欧洲进口水果泥宝宝营养吸吸袋婴幼儿营养辅食8个月
¥25,¥50,5折,适用苹果数据线iphone12快充13液态硅胶11加长正品
¥27,¥47,5.7折,适用苹果手表充电器apple watch7座iwatch6无线磁吸快充电线S7
¥43,¥172,2.5折,适用原装苹果有线耳机lightning扁头耳塞iPhone全系ipad蓝牙连接
¥16,¥45,3.6折,手机usb充电器头5v2a适用于苹果华为安卓智能分流识别快充套装
¥10起,¥27,3.7折起,苹果充电器头快速安全安卓适用华为小米手机通用充电头
¥22.9,¥43,5.4折,防偷窥钢化膜全屏高清苹果13钢化膜苹果12手机贴膜苹果11手机膜
¥168,¥660,2.5折,apple pencil电容笔ipadpencil触屏笔苹果一代2代平板触控
¥56,¥118,4.7折,2021苹果ipad10.2保护套Air3/4带笔槽10.5/10.9/寸壳mini6/5
¥29起,¥98,3折起,苹果11/12/13快充线iphone12pro数据线xr/x/PD快充线
¥54,¥200,2.7折,苹果转接头三合一手机数据线分线充电器11Pro便携3.5mm耳机转换器
¥31,¥99,3.2折,适用于苹果airpods2pro蓝牙耳机套卡通保护壳3pro耳机套二代三代
¥21,¥49,4.3折,充电器USB多口快充头适用苹果华为安卓小米oppovivo手机充电线
¥19.8,¥50,4折,ipad电容笔applepencil触控笔防误触适用苹果一代二代平板手写笔
,,,iphone7plus钢化膜苹果7防窥膜手机贴膜全屏覆盖防偷看钢化膜
¥25,¥79,3.2折,【66W快充】华为数据线三合一苹果type-c一拖三充电线手机充电器
¥109,¥199,5.5折,主动式电容笔苹果/华为/小米手机平板通用手写笔触控笔触屏笔
¥26,¥99,2.6折,苹果8plus手机壳iphone无边框8超薄7轻薄7plus裸机手感8p新款7p
¥14.8,¥24.8,6.0折,适用苹果12/11钢化膜iPhone12Promax手机膜13pro全屏覆盖防窥膜
,,,耳机有线手机Type-C通用带麦重高音3.5mm适用于苹果OPPO华为ViVo
¥28,¥56,5折,【秒变星光色】适用苹果手表表带iwatch7654321代保护壳配件
¥38,¥68,5.6折,苹果11手机壳iPhone11promax超薄透明硅胶软壳十一镜头全包防摔
¥19.8,¥69,2.9折,宝宝刮泥勺婴儿水果双头挖泥勺吃苹果泥器硅胶勺子不锈钢辅食工具
¥133,¥276,4.9折,磁吸手机散热器半导体平板水冷降温神器制冷静音背夹苹果安卓通用
,,,苹果13钢化膜iPhone12pro/X/xr/11pro/xsmax/78plus手机贴膜
¥11.9,¥29,4.1折,新款耳机有线入耳式手机带麦重高音质圆孔适用于苹果OPPO华为ViVo
¥74,¥289,2.6折,iPad Air4保护套10.9英寸苹果平板mini5全包防摔pro11皮套Air3/2
¥19.9,¥36,5.5折,适用于苹果数据线iPhone11快充6s手机ipad充电线7/8plus平板1米
¥639,¥699,9.1折,Apple Pencil 手写笔一代
¥13,¥23,5.7折,适用于iPhone11金属镜头膜ProMax后摄像头圈一体保护贴11手机
¥19.9,¥23,8.7折,充电器5V1A充电头5W适用苹果iPhone13/12/11华为小米安卓机充电头
¥40,¥158,2.5折,充电线三合一数据线快充usb一拖三伸缩车载充电器通用华为苹果
,,,充电头套装适用于安卓苹果Type-Cusb接口2.1A快充手机数据线
¥44,¥329,1.3折,【3条装】高弹简约棉质舒适透气抑菌包臀收腹高腰少女三角内裤女
¥11.9,¥29.9,4折,卡通可爱虎桌面支架创意小熊懒人手机追剧视频适用于苹果华为小米
¥29,¥49,5.9折,夏季款婴儿衣服1-18个月新生儿开裆短哈衣男女宝宝对开短袖连体衣
