图片名称,图片链接
日本动漫人物音效,https:https://vod.ruotongmusic.com/sv/49a912c0-179ccc979b5/49a912c0-179ccc979b5.wav
平静海浪声音效,https://downsc.chinaz.net/Files/DownLoad/sound1/202203/y701.mp3
鼓点节奏动感音效,https://downsc.chinaz.net/Files/DownLoad/sound1/202203/y700.mp3
机械运转的声音,https:https://vod.ruotongmusic.com/sv/1661fbb4-179cd1d7012/1661fbb4-179cd1d7012.wav
电流沙沙沙恐怖音效,https:https://vod.ruotongmusic.com/sv/490ec93a-179cd1d1b37/490ec93a-179cd1d1b37.wav
恐怖的图像转场音效,https:https://vod.ruotongmusic.com/sv/3d107751-179cd1d1480/3d107751-179cd1d1480.wav
嗨宝贝日本动漫音效,https:https://vod.ruotongmusic.com/sv/46542b53-179ccc9deed/46542b53-179ccc9deed.wav
呲呲电流闪过的音效,https:https://vod.ruotongmusic.com/sv/5a1e1f43-179cd1d0d15/5a1e1f43-179cd1d0d15.wav
扫帚扫过地面的声音,https:https://vod.ruotongmusic.com/sv/1a281c4a-179cd1cf81a/1a281c4a-179cd1cf81a.wav
清脆的切菜声音,https:https://vod.ruotongmusic.com/sv/1844246-179cd1cf32a/1844246-179cd1cf32a.wav
碎玻璃在地面碰撞的声音,https:https://vod.ruotongmusic.com/sv/5788a6bb-179cd1cedef/5788a6bb-179cd1cedef.wav
嗖的一声闪过音效,https:https://vod.ruotongmusic.com/sv/516740b9-179cd1cea91/516740b9-179cd1cea91.wav
动感欢快的DJ音效,https:https://vod.ruotongmusic.com/sv/2f324839-179ccc9bd7b/2f324839-179ccc9bd7b.wav
空旷空间发出的恐怖声音,https:https://vod.ruotongmusic.com/sv/5b8df59b-179cd1cb6e4/5b8df59b-179cd1cb6e4.wav
日本动漫背景音MP3,https:https://vod.ruotongmusic.com/sv/19e5889f-179ccc9778f/19e5889f-179ccc9778f.wav
多个筹码叠放音效,https://downsc.chinaz.net/Files/DownLoad/sound1/202203/y695.mp3
一串钥匙的响声mp3,https://downsc.chinaz.net/Files/DownLoad/sound1/202203/y726.mp3
恐怖悬疑回音MP3,https:https://vod.ruotongmusic.com/sv/481a6edc-179cd1cd01d/481a6edc-179cd1cd01d.wav
用英文说刹车的音效,https:https://vod.ruotongmusic.com/sv/48eb6f56-179ccc9a236/48eb6f56-179ccc9a236.wav
快速闪现的音效,https:https://vod.ruotongmusic.com/sv/42b27b60-179cd1c9e05/42b27b60-179cd1c9e05.wav
