goods_id,goods_name,sales_tip,group_price
335432291281,新希望北欧醇酸奶205g*12盒学生儿童成人健康早餐奶整箱,已拼7722件,¥31.5
362062533186,【5月新日期】中粮福临门非转基因纯正菜籽油5L*2桶传统菜油三级,已拼934件,¥159.0
180608059234,【精选礼盒】山东烟台红富士苹果9/5斤80mm起非冰糖心脆新鲜水果,已拼10万+件,¥29.8
271308163952,麦斯威尔特浓咖啡50条/100条多规格三合一速溶咖啡粉醇浓提神防困,已拼2.2万件,¥31.89
216986538932,【三只松鼠_坚果大礼包2641g/14袋】零食每日坚果混合干果礼盒,已拼9.7万件,¥109.9
87531216733,华美华夫饼2斤软蛋糕饼干批发整箱营养早餐代餐网红点心手撕面包,已拼10万+件,¥28.9
318559098985,广禧蜜瓜味寒天晶球1kg免煮即食脆啵啵珍珠奶茶甜品店原料,已拼7157件,¥17.5
281983997991,【9月产】完达山心选牧场200ml*14盒整箱批发全脂营养早餐奶,已拼8401件,¥29.8
404780742685,贵州茅台53度飞天茅台 500ML*1贵州茅台酒酱香型(2022年)收藏送礼,已拼716件,¥2669.0
¥7.9
236975016853,领食鲜生 澳洲M9上脑边牛排 谷饲雪花原切牛排厚切和牛肉健身牛扒,已拼1.2万件,¥188.0
59693847869,鲨鱼菲特鸡胸肉肠25g*12即食健身代餐低脂高蛋白宿舍休闲网红零食,已拼7.6万件,¥15.8
334958645075,Dynasty/王朝迟采干红葡萄酒750ml国产红酒葡萄酒,已拼10万+件,¥108.0
142669807498,白象荞麦面低脂荞麦面面条苦荞面荞麦挂面杂粮面条350g/包,已拼10万+件,¥16.1
1882114457,康师傅迷你脆20g*48包整箱批发香爆脆干吃面干脆面捏碎面小零食,已拼2.7万件,¥19.8
226317170415,嘉华经典玫瑰饼300g鲜花饼云南花饼特产零食传统糕点心饼干,已拼10万+件,¥20.3
392255455592,茗杰新会小青柑正宗普洱茶熟茶叶云南宫廷普洱广东小青柑袋装250g,已拼4782件,¥38.0
226353101240,泓一奇亚籽全麦吐司500g健身粗粮代餐面包休闲零食品糕点整箱批发,已拼5.1万件,¥16.81
410914687357,贵州茅台赖茅酒一代工匠(酱)53度酱香型白酒500ml单瓶礼盒装,已拼75件,¥921.0
239534789709,立顿奶茶宝可梦冲饮奶茶粉原味日式抹茶鸳鸯英式冻顶乌龙10条/盒【10月4日发完】,已拼1.3万件,¥25.2
373415274658,同仁堂人参宁夏枸杞桑葚干大补血补气补肾护肝保健品滋补养生花茶,已拼2.3万件,¥28.22
260093218548,食族人酸辣粉卤蛋6桶装6包料米粉粉丝速食食品优惠整箱批发重口味,已拼3.8万件,¥25.8
379086198867,好丽友好多鱼6连包1-3组超值组合休闲零食儿童大礼包烧烤味,已拼9027件,¥17.0
104615937012,徽六一级祁门红茶浓香茶叶寻味300系列入门尝鲜80g,已拼487件,¥33.6
114059597499,Mlekovita妙亚250ml*12盒整箱波兰原装进口纯牛奶全脂牛奶,已拼1.8万件,¥38.5
101022773,百草味每日坚果750g/32袋礼盒混合坚果干湿分离锁鲜独立小包装,已拼10万+件,¥58.9
132325266368,【行货带码】野格 德国原装正品700ml*1/3瓶装力娇酒洋酒利口酒,已拼2601件,¥79.5
8463436277,河南酒宝丰54度清香型白酒坛装整箱白酒 高度粮食酒 荣耀青坛,已拼4072件,¥109.0
6.5
407762714346,【3人团】嘉华经典玫瑰饼50g*10包鲜花饼休闲零食云南特产,已拼4.8万件,¥22.0
312969624556,盛耳冻干银耳羹混搭免煮冲泡即食速食莲子百合雪梨桂圆红枣银耳汤,已拼2.2万件,¥35.8
384768026780,Swisse男士复合维生素120粒提升成人男性综合活力富含维生素B族,已拼1015件,¥122.0
267670328135,双汇王中王40g*60支整箱优级火腿肠零食即食香肠泡面搭档批发囤货,已拼7.3万件,¥65.8
271137736197,【泡沫礼盒】陕西亚特绿心猕猴桃新鲜水果整箱批发10-30枚奇异果,已拼1.6万件,¥13.62
372643554059,【三十九度献鲜】2022正宗陕西大荔冬枣现摘脆甜3/5斤脆枣青枣,已拼10万+件,¥17.8
177013555257,【三只松鼠坚果大礼包1748g/9袋】零食每日混合果仁年货送礼推荐_,总售10万+件,¥49.9
80643095271,卫龙辣条零食大礼包约33包/702一整箱网红小吃休闲麻辣批发装,已拼10万+件,¥22.9
271013446903,炫迈28片*4盒无糖口香糖西瓜薄荷多口味口气清新零食,总售10万+件,¥28.5
367442838414,独角兽暴肌厨房紫薯芋泥饼330g低脂代餐休闲早餐营养粗粮饱腹零食,已拼7.5万件,¥13.5
235380728312,永和300g原磨原味豆浆粉 非转基因大豆速溶无蔗糖豆粉红枣豆奶粉,总售8.4万件,¥10.8
402894480186,澳农卡新鲜紫薯山东板栗地瓜小蜜番薯山芋红薯2/5斤农家自种沙地,已拼9641件,¥12.8
327024402037,家乐浓汤宝128g*1盒+64g*1盒 家庭装方便速食汤火锅底料家用批发,已拼9.9万件,¥15.9
382033501477,泸州老窖 国窖1573 浓香型白酒 52度 500ml 双瓶装送礼袋,已拼433件,¥1750.0
278140555760,江中多维牛磺酸片60粒/瓶维生素b族b1b2b6成人复合维生素c,已拼10万+件,¥18.58
376758545754,蒙牛脱脂奶粉400g小袋装女士学生中老年高纤高蛋白健身早餐牛奶粉,已拼5.7万件,¥29.3
231140966343,涵果 陕西洛川红富士净果9斤正宗大果苹果水果一整箱新鲜现摘脆甜,已拼3.4万件,¥48.9
313692564290,君乐宝悦鲜活鲜牛奶950ml×2新鲜牛奶大瓶营养装整箱批发纯牛奶装,已拼2.4万件,¥37.8
220301791792,嘉华经典云腿小饼25g*9礼袋云南滇式云腿中秋月饼原味小饼糕点,已拼3.8万件,¥27.5
372698280350,永和豆浆纯豆浆粉早餐不甜无加糖原味豆粉营养小包装速溶食品180g,已拼1.8万件,¥12.5
403859491687,福茗源云南滇红茶特级红茶滇红金针正宗凤庆金芽蜜香茶叶礼盒400g,已拼96件,¥89.0
337916083611,江中黑芝麻核桃桑葚粉600g黑豆黑芝麻糊养胃早餐代餐即冲即饮正品,已拼10万+件,¥43.8
400287359875,贵州茅台股份赖茅传承棕53度500ml*2瓶礼盒装酱香型白酒,已拼85件,¥654.0
112266168725,Danisa/皇冠曲奇饼干进口黄油丹麦风味75g*5盒伴手礼休闲网红零食,已拼10万+件,¥28.0
116654842554,德芙士力架花生牛奶夹心巧克力长条20g零食糖果桶装散装批发国庆,已拼2166件,¥21.6
54801449511,【超值50包】绝艺麻辣烤脖鸡脖子湖南非鸭脖零食卤味小吃批发10包,已拼1.8万件,¥7.74
411709336356,【秒发】福建红心柚子蜜柚新鲜当季孕妇水果三红柚琯溪蜜柚2斤起,已拼1797件,¥7.8
415763124069,五得利面粉六星多用途小麦粉10斤高筋面粉家用商用通用粉,已拼1307件,¥26.8
402918076022,波兰进口Mlekovita妙亚全脂纯牛奶1L/盒*2盒营养早餐奶3.5%脂肪,已拼4148件,¥18.52
32461113,真心瓜子500g/袋焦糖五香红枣山核桃原味葵花籽坚果零食品批发,已拼10万+件,¥9.9
98851939246,福临门纯芝麻香油400ml*1瓶/2瓶/4瓶 凉拌调味烹饪火锅压榨食用油,已拼6.2万件,¥18.5
284928357895,可口可乐芬达迷你罐 碳酸饮料 无糖零卡芬达200ml*12听整箱包邮,已拼8.2万件,¥19.4
541293713,五里坊五谷陈醋家用五谷酿造食醋不添加防腐剂5°醋酸拌面蘸饺子醋【10月7日发完】,已拼4.2万件,¥9.6
340655615692,【古井贡酒】55度500毫升优级白酒 年份原浆献礼版箱装6瓶 官方,已拼2235件,¥589.0
277912157912,独角兽暴肌厨房全麦软欧包整箱400g带馅低脂零食饱腹粗粮早餐代餐,已拼4万件,¥17.2
5949件,¥49.9
201812957160,康师傅方便面汤大师杯整箱12杯日式豚骨番茄牛腩,总售4.7万件,¥38.9
259150717159,天喔葡萄汁250ml*16盒 送礼果味饮料果汁饮品整箱,已拼2.4万件,¥19.9
352819192028,乌江榨菜涪陵下饭菜红油榨菜300g瓶装即食麻辣开胃佐餐咸菜,已拼4.3万件,¥7.34
261038760872,皇家小虎大鸡排鸡胸肉食类汉堡鸡排半成品家庭装鸡柳鸡排批发20片,已拼10万+件,¥14.5
307096805116,南国食品海南特产速溶椰子粉170g营养早餐烘焙材料原料椰奶椰汁浆,已拼4862件,¥14.7
411683941505,李锦记薄盐生抽500ml*3瓶炒菜凉拌调味上色爆炒蒸鱼薄盐生抽小瓶,已拼10万+件,¥19.9
301555875471,比比赞芝士咸味饼干375g整箱零食小吃食品咸蛋黄味多口味饼干批发,已拼4万件,¥6.8
317695650032,冰鲜刺身拼盘5种刺身 挪威三文鱼中段北极贝甜虾等日本料理生鱼片,已拼1216件,¥112.0
22594423740,【2袋】蒙牛铂金女士奶粉400gX2袋装高钙高铁成人学生早餐牛奶粉,已拼10万+件,¥50.5
346288927598,修正深海鱼油软胶囊60粒辅助降血脂中老年成人保健品搭鱼肝油dha,已拼1.9万件,¥19.89
408546667163,洽洽藤椒瓜子500g*1袋风味瓜子炒货98g葵瓜子108g批发休闲零食,已拼1287件,¥16.6
181623625346,轩博精酿啤酒德国风味原浆啤酒大桶白啤扎啤小麦熟啤1L批发青岛,已拼10万+件,¥34.8
251587246506,真真老老原味血糯八宝饭350克*4盒早餐速食食品方便糯米饭年夜饭,已拼1.6万件,¥23.3
392688885933,江中青桔百香果茶水果茶水杯独立包装柠檬金桔冲饮网红冷泡茶210g,已拼3.7万件,¥12.74
384291455303,千丝奶丝黄油面包360g奇亚籽全麦黄油手撕面包早餐代餐健康零食品,已拼1.3万件,¥71737322454177259,统一汤达人杯面12整箱装日式豚骨拉面樱花限定泡面宿舍速食方便面,已拼3380件,¥25.9
374902506762,东古一品鲜酱油500ml*2瓶特级酿造黄豆调味酱油豉油味极鲜生抽,已拼1496件,¥18.7
90374715715,汾都香5斤东北新燕麦米农家自种燕麦仁全胚芽燕麦五谷杂粮粗粮1斤,已拼4.6万件,¥5.69
351951133133,杞里香人参五宝茶量贩装540g(21小袋)枸杞红枣黄精花茶组合茶,已拼6129件,¥29.8
235032873129,【20支】和路雪千层雪棒可爱多甜筒棒棒梦龙多口味冰淇淋雪糕冷饮,已拼10万+件,¥99.0
379009398929,杞里香尝萃黑枸杞原浆300ml新鲜黑枸杞鲜榨不加一滴水枸杞汁,已拼7781件,¥37.0
277651198572,北欧海盗乳清蛋白质增肌粉1磅健身补剂产品肌肉瘦人增重增胖,总售10万+件,¥69.5
4
379412982989,加多宝凉茶植物饮料310ml*12罐礼盒装  怕上火喝加多宝,已拼539件,¥29.8
220168995558,福茗源云雾绿茶 2022新茶明前花果香春茶浓香型耐泡送礼盒装400g,已拼8.3万件,¥55.0
373169934351,柴火大院 五常大米5kg2袋组合 五常稻花香2号东北香米黑龙江大米,已拼1.8万件,¥99.6
406344291596,洋河蓝色经典 新版天之蓝 42度500ml*4瓶整箱装 绵柔浓香型白酒,已拼90件,¥1229.0
405015020273,好丽友果滋果心软糖网红爆浆果汁qq糖橡皮糖扒皮糖儿童糖果小零食,已拼3419件,¥9.47
25298662066,【顺丰包邮】宁夏灵武长枣现摘水果大枣鲜枣非沾化冬枣应季脆冬枣,已拼7万件,¥21.36
382375032113, 【铝瓶】塔克骑士啤酒473ml*12瓶黄啤百威啤酒同厂特价,已拼242件,¥79.5
257064388616,五里坊零添加原味鲜酿造生抽酱油家用炒菜凉拌调味提味增鲜直发1L【10月7日发完】,已拼3216件,¥9.6
221402467356,福茗源龙井茶叶 2022新茶一级雨前春茶豆香型嫩芽浓香型袋装125g,已拼5.2万件,¥21.0
4161612359,上好佳零食大全儿时回忆怀旧虾片休闲小吃追剧小零食大礼包5-10g,已拼10万+件,¥19.5
86793614571,康恩贝泡腾片水果口味成人VC饮料果汁维C4支装现货直发vc,已拼10万+件,¥31.8
155348297339,千禾特级酱油1.8L*2瓶 酿造酱油 不加防腐剂 烹饪炒菜 凉拌调味【10月7日发完】,总售10万+件,¥28.9
196815930083,百草味冰雪蛋糕540g*2箱麻薯夹心整箱早餐面包网红零食540gx1箱,已拼10万+件,¥19.5
361253927060,久年大连即食海参优质8年辽参野生底播海参开袋即食新鲜正品海参,已拼5238件,¥137.0
392239086914,双汇火腿肠35g玉米热狗肠香辣香脆肠整箱批发泡面搭档零食香肠,已拼4976件,¥13.8
194189445305,希菲 2斤装谷饲原切牛排无添加西冷眼肉菲力上脑牛排厚切牛扒肉,已拼1.5万件,¥99.0
77966618257,真真老老正宗糯米八宝饭血糯原味350g*3盒方便米饭年夜饭速食食品,已拼5.5万件,¥21.4
270347373965,西麦麦片燕麦片即食代餐1000g/2000g/3000g冲饮早餐营养食品,已拼10万+件,¥15.9
403816694783,农夫山泉东方树叶500ml*12瓶红茶绿茶茉莉花乌龙普洱茶无糖茶饮料,已拼6629件,¥42.5

268280045181,蒙牛多维高钙中老年奶粉800g*2罐加麦片480g无蔗糖添加成人营养,总售10万+件,¥92.9
234597304183,鲨鱼菲特紫薯全麦面包1000g低脂粗粮健身代早餐网红健康小零食品,已拼10万+件,¥18.9
379574539883,山西杏花村汾酒青花30复兴版53度500ml单瓶装清香型高档酒礼品盒,已拼446件,¥868.0
57746512528,CEPHEI奢斐美式黑咖啡粉熬夜提神无蔗糖无脂肪速溶2g*35/65/130支,已拼10万+件,¥30.4
279382257757,【精品彩箱】阿饶 爱媛38果冻橙子四川新鲜水果5/8斤【10月11日发完】,已拼10万+件,¥23.42
374932377163,拜耳oneaday男士复合维生素200粒番茄红素成人矿物质钙片多维ABC,已拼2698件,¥99.8
30567638610,【买一箱送一箱】绝艺肉类零食大礼包休闲小吃网红零食批发一整箱,已拼10万+件,¥8.0
408161388319,Tipo面包干270克鸡蛋牛奶味早餐代餐糕点休闲食品独立包装10克/包,已拼3144件,¥13.6
228164707221,劲牌官方旗舰店 十全酒35度5L家庭装桶装药材露酒原生酒大容量,已拼3737件,¥198.5
275537678611,可口可乐 美汁源100%橙汁 芒果菠萝 复合果汁饮料 330ml*12盒整箱,总售7226件,¥33.2
57047173399,新希望雪兰云南高原奶纯牛奶250g*16盒整箱新日期纯奶,已拼10万+件,¥34.2
323191225956,LifeSpace益倍适B420益生菌60粒两瓶装塑身肠道健康女性益生菌,已拼4290件,¥206.0
125933043592,康师傅妙芙蛋糕欧式20枚整箱散装奶油巧克力味糕点休闲早餐零食品,已拼10万+件,¥29.8
175323894693,圣农嘟嘟翅2包奥尔良大号翅中3包热辣鲜香翅中280g/包,已拼3.3万件,¥59.65
332526767802,剑南春52度水晶剑 500ml*2瓶装 浓香型 高档酒 纯粮礼品 普剑正品,已拼2.6万件,¥808.0
390538890376,江中维生素C维生素E烟酰胺片60片/瓶烟酸非美白补水维生素b族,已拼6.6万件,¥18.9
417985684103,【5人团】加多宝凉茶植物饮料310ml*12罐礼盒装 怕上火喝加多宝【10月6日发完】,已拼3.1万件,¥21.9
376434832530,【5人团】自嗨锅自热小火锅2荤2素方盒装自加热火锅学生党懒人,已拼387件,¥37.9
333226270544,伊利JoyDay芯趣多酸奶220g*6瓶装含吸管风味巧克力草莓味蓝莓味,已拼1084件,¥41.9
413288213386,40°法国轩尼诗VSOP干邑白兰地虎年特别版700ml 行货,已拼62件,¥439.0
245840055215,澳农卡烟薯25号蜜薯红薯新鲜农家自种番地瓜沙地超糖心甜红2/8斤,已拼10万+件,¥10.8
357175027278,【3人团】德运调制(全脂)乳粉1kg*2袋澳洲进口儿童青少年中老年,已拼8324件,¥79.0
233299945234,妙可蓝多奶酪芝士片自制奶酪棒专用烘焙原料家用早餐三明治吉利丁,已拼10万+件,¥8.33
332597964738,比比赞亚籽全麦面包400g厚吐司早餐糕点粗粮饱腹零食品整箱批发,已拼8840件,¥16.6
62868750890,德芙巧克力4.5g丝滑牛奶巧克100粒散结婚喜糖散装批发年货节糖果,已拼10万+件,¥43.6
78298057110,【共10升】中粮福临门浓香压榨一级花生油5升X2桶食用油 家庭装,已拼3.7万件,¥191.5
397278330709,独角兽暴肌厨房魔芋板栗饼330g低脂营养粗粮饱腹代餐解馋休闲零食,已拼1.9万件,¥13.6
264809767012,正宗砀山酥梨大果一整箱批发包邮新鲜水果8.8/4.8斤(单果250g起),已拼5.5万件,¥15.8
271642047489,【爆甜】正宗陕西周至徐香猕猴桃18-24枚装整箱新鲜绿心奇异果,已拼8.8万件,¥22.34
337288083354,【贾乃亮代言】宅猫日记岩烧芝士脆118g爆款饼干组合休闲零食小吃,已拼2.2万件,¥15.58
304163177586,新希望纯牛奶云南大理高原牧场纯牛奶250ml*16整箱,已拼6.1万件,¥35.9
267220404991,【新品mini】海底捞自煮火锅自热米饭自热小火锅学生锅1/3/6盒装,总售10万+件,¥43.7
205111374757,【大希地】原肉整切牛排家庭套餐10片牛肉批发新鲜西冷菲力牛扒厚,已拼2万件,¥159.0
415755238792,五得利面粉五星多用途小麦粉50斤高筋面粉家用商用通用粉,已拼1261件,¥113.9
309848980856,洽洽小规格混合坚果孕妇装15g多规混每日坚果小黄袋,已拼1.3万件,¥47.9
236637671063,东鹏0糖335ml*6罐特饮 无糖型能量饮料小白罐 品牌自营 扫码赢奖,已拼8837件,¥20.3
402497522587,郎牌郎酒珍品郎典藏版53度500ml*6 酱香型白酒礼盒装整箱正品保证,已拼99件,¥1329.0
94686172408,新货优质淡干大虾皮250g-1000g宝宝孕妇即食虾米海米虾仁海鲜干货,已拼10万+件,¥8.4
139176228073,自嗨锅自热煲仔饭3桶装学生党上班族懒人自加热方便米饭宵夜速食,已拼10万+件,¥38.4
175288202555,【超值2桶】蒙时代超风干牛肉干110g*2内蒙古正宗手撕肉干零食,已拼10万+件,¥89.9
267746205045,乐事经典薯片40g组合23g多口味休闲零食批发便宜办公室学生送女友,已拼3.3万件,¥23.2
323198455756,雀巢NIDO荷兰进口全脂高钙高蛋白成人营养奶粉罐装900g中秋送礼,已拼4584件,¥74.9
262929791206,雨润溏心蛋卤蛋卤鸡蛋喜蛋网红卤味熟食即食早餐小吃休闲40g*10只,总售9.3万件,¥25.5
7116557468,南北特手撕素牛排素肉豆干零食湖南特产豆制品批发零食10包多规格,已拼10万+件,¥7.4
234101411534,恋凝香2021新茶正宗明前毛尖特产茶叶绿茶春茶叶散装浓香型125g,已拼10万+件,¥17.0
309493020704,康师傅方便面经典袋装泡面批发一整箱正宗宿舍速食面食品赠送饭盒,总售10万+件,¥39.9
415975273230,【5人团】李锦记薄盐生抽1.52kg*2瓶酿造酱油炒菜凉拌调料调味品,已拼1.1万件,¥21.9
352811967420,宛禾麻酱米线特产细米线8袋装米线方便速食米粉粉丝过桥米线,已拼2万件,¥48.4
406450232694,【15天保质期】光明优倍浓醇鲜牛奶280ml*8瓶学生成人营养早餐奶【10月12日发完】,已拼5370件,¥56.0
173493220468,金龙鱼玉米胚芽油5.435L家用食用油大桶烘焙专用,已拼5.4万件,¥83.3
54393648634,精武鸭脖鸭货零食大礼包518g一整箱小吃休闲食品1036g卤肉礼盒,已拼10万+件,¥29.9
8129558618,古币香油450ml+小磨香油235ml两瓶体验组合100%纯芝麻北京老字号,已拼9.2万件,¥12.0
88816398949,盼盼面包组合1120g法式小面包早餐软面包整箱批发特价手撕面包,已拼7.3万件,¥24.9
339083164054,月盛斋羊肉串200g*3盒烧烤食材小吃半成品清真冷冻生鲜,已拼1.6万件,¥52.8
248069212840,卫龙辣条大礼包辣味小吃零食网红零食怀旧宿舍解馋儿时官方旗舰店,已拼8.5万件,¥16.5
87719965450,【京东配送】海皇御品正宗海参鲍鱼佛跳墙袋装即食海参海鲜2.8斤,已拼3.5万件,¥93.0
89264814049,十月稻田五常黑米5斤东北黑米粥黑大米2021新黑米五谷杂粮米10斤,已拼7.2万件,¥21.79
338074498512,牛栏山二锅头珍品30 青龙 46度500ml*1瓶装 清香型 纯粮食正品,已拼1116件,¥145.0
265412676491,【8倍牛磺酸】泰国进口红牛维生素功能饮料玻璃10瓶装*100ml,已拼1.4万件,¥26.2
274261881511,【上新】千禾一品鲜1L*2瓶 特级头道生抽  酿造酱油 不加防腐剂,已拼7504件,¥18.4
129146525378,楼兰蜜语新疆核桃1500g新疆阿克苏特产坚果箱装3斤装薄皮核桃,已拼7.4万件,¥39.1
409321798384,山姆Member'sMark蛋黄酥55g*12枚,已拼1.6万件,¥52.9
125149690093,绝艺香辣黑鸭糖醋整根烤脖长根卤鸡脖非鸭脖网红食品休闲零食小吃,已拼10万+件,¥19.8
7010653970,YOUTHIT优思益高浓度蔓越莓胶囊60/90粒呵护女性泌尿健康卵巢保养,已拼5.5万件,¥102.0
388408393583,【一粒养肝】养肝护肝片决明子牛蒡根金银花枸杞茶醒酒去口臭肝火,已拼1.8万件,¥34.0
387848133849,李锦记味蚝鲜蚝油2.25kg大桶装餐饮家用提鲜炒菜火锅烧烤调味品,已拼10万+件,¥16.6
347091696724,宝丰胖东来怼酒宝丰怼酒500ml清香型白酒纯粮食酒口粮酒54度6瓶装,已拼1143件,¥205.0
94353022110,春雪鸡胸肉2斤装新鲜冷冻健身代餐生鸡胸脯肉清真食品鸡大胸1kg,已拼2902件,¥28.9
392118959120,VitaCoco唯他可可椰子水1L*4瓶青椰果汁饮料原味低卡健康送礼,已拼7988件,¥69.0
391318938570,鲨鱼菲特四色组合面包840g黑麦紫薯南瓜全麦面包低脂健身代早晚餐,已拼8534件,¥17.38
398056892101,旺旺旺仔牛奶125ml*24盒整箱盒装儿童早餐营养奶风味调制乳饮,已拼3275件,¥53.7
400884778619,白荡里生态农家优质土猪带皮猪肚五花肉5斤装新鲜现杀土猪肉原切,已拼4528件,¥78.3
0
253495861989,澳洲绿芙胶原蛋白6合1冻龄胶囊90粒白嫩紧致Q弹变美葡萄籽月见草,已拼1.7万件,¥128.0
21256423954,绝艺功夫麻辣鸭脖15g*30包湖南特产香辣甜辣卤味零食小吃批发10包,已拼10万+件,¥7.9
326138399788,趣多多王子曲奇星巧克力味85g*6袋装饼干休闲美味零食童年回忆,已拼4.8万件,¥18.9
355951308409,统一汤达人+茄皇5/10杯 日式豚骨番茄鸡蛋酸辣泡面方便面速食,已拼2352件,¥22.9
404739112228,【彩箱】正宗巧克力脆柿子山西运城新鲜水果当季脆甜4.5斤8.5斤,已拼9198件,¥20.9
99010234570,蔡林记免煮热干面五种口味非油炸拌面正宗武汉特产泡面速食255g*4,已拼10万+件,¥26.62
414023286296,农夫山泉小瓶水溶C100柠檬味250ml*12瓶整箱包邮,已拼1081件,¥27.49
148912737,小胡鸭柠檬酸辣无骨鸡爪350g/200g无骨凤爪泡椒蒜香网红小吃脱骨,已拼6.9万件,¥29.0
334188169260,华味亨日式梅饼/陈皮梅片/陈皮梅饼58g青梅无核蜜饯酸甜零食七夕,已拼1.9万件,¥10.5
405527158996,洋河 蓝色经典梦之蓝m3白酒礼盒45度500ml*2瓶正品送礼宴请酒水,已拼43件,¥776.0
362062533186,【5月新日期】中粮福临门非转基因纯正菜籽油5L*2桶传统菜油三级,已拼934件,¥159.0
216986538932,【三只松鼠_坚果大礼包2641g/14袋】零食每日坚果混合干果礼盒,已拼9.7万件,¥109.9
335432291281,新希望北欧醇酸奶205g*12盒学生儿童成人健康早餐奶整箱,已拼7722件,¥31.5
¥16.9
271308163952,麦斯威尔特浓咖啡50条/100条多规格三合一速溶咖啡粉醇浓提神防困,已拼2.2万件,¥31.89
416036719678,【5人团】福建柚子红心蜜柚新鲜水果8.5-9斤装3-4个批发当季应季,已拼10万+件,¥14.9
413426011184,【5人团】正宗巧克力脆柿子净重5斤单果100g以上山西运城彩箱脆甜,已拼10万+件,¥14.8
410568293444,【5人团】花牛苹果净重8斤脆甜甘肃天水苹果红蛇果苹果新鲜水果,已拼5.3万件,¥22.9
409272048614,【5人团】可口可乐330ml*24罐可乐/无糖可乐/芬达/雪碧碳酸饮料,已拼9.4万件,¥36.9
415857753649,三养超辣火鸡面140g*40袋整箱 韩国进口泡面拉面干拌面方便面批发,已拼6077件,¥171.9
314685107847,【5人团】长寿花玉米油4L非转基因一级物理压榨家用健康食用油,已拼4.5万件,¥52.9274933222532,【5人团】正宗奶油亚特奇异果5斤单果100g以上陕西绿心猕猴桃,已拼10万+件,¥13.9

399530979554,【3人团】希菲 2斤装5-8片原切上脑牛排0添加谷饲安格斯厚切牛排,已拼6174件,¥69.9
404716396146,【5人团】突尼斯软籽石榴5斤单果250g起当季四川会理新鲜孕妇水果,已拼10万+件,¥14.9
405541383641,【保税正品】Dassai獭祭39三割九分日本清酒纯米大吟酿1800ML礼盒,已拼638件,¥488.0
403657710488,【5人团】穗康糯玉米黄糯8支装单果220g非转基因零添加真空新鲜,已拼10万+件,¥16.5
159727666651,晓芹即食海参1500克40-60只大连辽刺参开袋即食无添加,已拼2263件,¥1011.8
527件,¥99.9
418053591187,【5人团】Lindt瑞士莲巧克力软心球500g黑巧牛奶意大利进口喜糖【3天内发货】,已拼1万件,¥42.5
392984714504,爱氏晨曦涂抹奶酪150g盒原味烘焙原料蛋糕三明治涂抹干酪芝士奶酪,已拼1886件,¥16.4
418117320874,【3人团】正宗金秋红蜜桃子脆桃5斤装单果155g以上新鲜应季水果,已拼7650件,¥19.9
410509250919,【5人团】澳农卡烟薯25号5斤单果150g起蜜薯新鲜番地瓜沙地超糖心,已拼7.2万件,¥13.9
412588738232,【5人团】山姆Members Mark芥末味夏威夷果仁500g非油炸坚果【3天内发货】,已拼4513件,¥99.9
158386862171,【好品质发好货】四川突尼斯软籽甜石榴孕妇新鲜应季水果现摘现,已拼9.6万件,¥21.9
401196385102,道道全 压榨玉米油5L非转基因物理压榨玉米油非转基因家用,已拼1442件,¥79.8
件,¥149.0
412593643523,【5人团】山姆Members Mark苏打饼干1.5kg咸味无糖精休闲零点心【3天内发货】,已拼6470件,¥29.0
392684767719,【5人团】泸州老窖特曲52度500ml中华老字号浓香型纯粮食高端白酒,已拼1603件,¥223.5
413626473207,【5人团】娃哈哈桂圆莲子八宝粥280g*12罐整箱娃哈哈八宝粥整箱,已拼2.4万件,¥26.9
415952702629,【5人团】山西运城克伦生无籽红提净重3斤顺丰包邮葡萄当季水果,已拼2.7万件,¥21.9
418248177513,【5人团】寰球渔市海捕大虾白虾整盒带冰4斤装盐冻野生超大虾鲜虾,已拼3092件,¥84.9
415216710384,【5人团】自嗨锅自热米饭4盒装宿舍学生党整箱盖浇饭自加热速食,已拼1.6万件,¥22.3
410909136262,【5人团】脉动青柠桃子雪柚橘子400ML*15瓶维生素运动功能饮料,已拼3.5万件,¥27.9
1567535,【现杀发货】陇上刘叔叔 深山跑山羊肉20斤新鲜半只深山放养批发,已拼2275件,¥822.0
157129847921,【5人团】娃哈哈AD钙奶饮料100g*24瓶整箱哇哈哈早餐饮品ad钙,已拼9.1万件,¥15.8
413393761091,【5人团】山姆Members Mark 烘烤坚果1.1KG非油炸原味果仁罐装【3天内发货】,已拼2万件,¥85.9
403237148482,胡姬花古法土榨风味花生油4L小榨浓香压榨炒菜家用批发旗舰店,已拼641件,¥102.9
69034701,江西特产正宗春丝江西米粉4斤炒米粉米线螺蛳粉汤粉拌粉都可做,已拼5.4万件,¥17.6
192938035928,白象方便面16袋装多半袋重庆小面原汁猪骨红烧牛肉一袋半泡面批发,已拼8460件,¥35.2
268597405795,佰多力橄榄进口食用油500ml原装橄榄果渣油炒菜纯正健身榄橄油,已拼10万+件,¥19.8
416958969366,【5人团】贵州习酒 窖藏1988 53度酱香型白酒 500ml单瓶礼盒装,已拼1646件,¥488.0
407828378537,【新品】Tims冻干咖啡速溶美式黑咖啡粉冷萃即溶浓缩咖啡2克*12颗,已拼4186件,¥57.8
370215124589,康师傅冰红茶330ml*12瓶装整箱青梅绿茶蜜桃乌龙果汁饮料夏天必备,已拼1.9万件,¥16.5
392231223674,【保税现货】泰国进口红牛维生素功能饮料金罐熬夜提神 250ml*6瓶,已拼3390件,¥29.9
55524608606,【顺丰】陇上刘叔叔 新鲜羔羊法式羊排小切战斧羊排羊扒散养羊肉,已拼1.4万件,¥132.0
3312363005,春丝碱水面凉面热干面碱面炒面重庆小面拌面炸酱面食材900g*4包,已拼4.9万件,¥25.9
378133346765,泸州老窖特曲晶彩52度浓香型高度白酒500ml*6瓶整箱装,已拼210件,¥1175.0
288118365504,【跨境直发】韩国进口三养炸酱面140gX5包韩式杂酱面干拌面速食,总售10万+件,¥21.9
15156468864,南北特零食大礼包组合一整箱好吃的休闲零食湖南特产休闲小吃75包,已拼10万+件,¥23.6
355003618506,北月湾蛋黄酥6枚简装红豆味雪媚娘麻薯蛋黄酥糕点办公室零食中秋,已拼7万件,¥10.5
242523367601,Moccona摩可纳8号深度无蔗糖美式健身学生提神冻干速溶黑咖啡进口,已拼1475件,¥43.8
405964093162,天喔 蜂蜜柚子茶250ml*18盒 夏季清爽解腻果味茶饮料,已拼6848件,¥21.4
93462474014,【纯豆浆粉】北大荒纯豆浆粉700g配料只有非转基因大豆无添加蔗糖,已拼3.4万件,¥27.8
268850331035,ColaCao进口高乐高不加糖可可粉300g热巧克力牛奶冲饮品固体饮料,已拼4.6万件,¥23.7
36850158267,穗康玉米白糯新鲜糯玉米非转基因零添加白糯5支8支,已拼10万+件,¥14.8
290012853424,【4人团】展艺葡式蛋挞24个蛋挞皮+蛋挞液组合家用空气炸锅烘焙,已拼1万件,¥16.9
417742100510,【3人团】妙可蓝多马苏里拉芝士碎拉丝家用披萨烘焙原料450g*2袋,已拼6185件,¥35.9
352859744560,味全好喝椰汁300ml*8瓶椰子汁果汁饮料植物蛋白饮料椰子水,已拼9380件,¥40.8
214754471695,【4人团】山西杏花村汾酒53度黄盖玻汾475ml*6瓶清香型国产白酒,已拼1893件,¥252.0
,已拼2074件,¥29.9
348103695768,【3人团】江中黑芝麻核桃黑豆粉600g黑芝麻糊减脂主食代餐早餐粉,已拼4476件,¥19.9
374374620116,【5人团】正宗山东沾化冬枣现摘脆枣5斤精品装单果12g,已拼8.6万件,¥15.8
336389503722,21袋今麦郎高汤豚骨鸡汤拉面方便面整箱批发泡面袋装速食宿舍夜宵,已拼2693件,¥34.9
287710861235,Vitafusion复合维生素多种营养女性综合维生素b族软糖150粒,已拼3519件,¥92.0
413201407015,光明酸奶look噜渴原味200ml*10盒益生菌风味酸奶低温酒店发酵乳,已拼1024件,¥41.39
218602075093,澳洲Swisse大豆卵磷脂软胶囊1200mg300粒中老年鱼油清道夫斯维诗,已拼2464件,¥135.0
153013884830,轩尼诗XO Hennessy 洋酒 白兰地酒 海外正品 欧洲版 XO700ml/瓶,已拼422件,¥1280.0
253860840885,【买四送一】李子柒螺蛳粉柳州正宗米粉粉丝速食广西螺蛳粉240g,已拼10万+件,¥44.5
170453845279,福茗源雀舌 茶叶绿茶2022新茶 明前贵州湄潭雀舌茶翠芽袋装100克,已拼10万+件,¥38.0
416218578575,【4人团】洋河蓝色经典52度海之蓝520ml单瓶绵柔浓香型白酒无礼袋,已拼5476件,¥119.0
1101260,陇上刘叔叔 环县羊羔肉羊排3/5斤新鲜原切肋排肉深山散养送料包,已拼6173件,¥139.9
36.9
8.4
381898775880,安佳原味黄油454g*2家用烘焙动物性食用面包蛋糕雪花酥牛轧糖黄油,已拼3552件,¥82.5
416663362302,【5人团】费列罗巧克力礼盒装48粒正品零食喜糖散装网红金莎,已拼3975件,¥75.0
243637558683,浓汤螺霸王螺蛳粉柳州正宗螺丝粉210g*3袋酸辣粉米粉条速食螺狮粉,已拼10万+件,¥21.3
74875215987,龙王豆浆粉450*2袋家用商用速溶冲饮原味甜味黄豆豆浆独立包装,已拼10万+件,¥28.1
208107325485,承德露露杏仁露 家庭装960ml*6罐 中秋 送礼 赠礼袋 植物蛋白饮料,已拼2614件,¥60.6
344517473631,Mlekovita波兰原装进口全脂纯牛奶1L*4盒红色3.2g蛋白,已拼4.4万件,¥37.5
309861523376,【5人团】绝艺整根烤脖40g*10/19根香辣黑鸭糖醋味特色熟食非风干【10月7日发完】,已拼3.6万件,¥9.6
370193639996,郎酒 红花郎十礼盒53度500ml*2瓶礼盒装正品特价送礼宴请酱香白酒,已拼346件,¥652.0
5
418396993387,【4人团】蒙特斯Montes欧法系列750ml*1瓶干红葡萄酒智利原瓶进口,已拼623件,¥93.9
418006670475,【3人团】三养火鸡面三口味组合装混搭双倍辣2包奶油1包黑面2包,已拼1万件,¥19.9
69038803064,圣农脆皮炸鸡川辣原味6包鸡伴翅韩式炸鸡半成品裹粉油炸小食8包装,已拼8万件,¥84.8
2635889871,爱氏甄驼全脂纯驼奶粉320g中老年女士儿童高钙新疆正宗双峰纯驼乳,总售10万+件,¥178.0
335221997358,【3人团】Vita Coco唯他可可椰子水500ml*6饮料进口青椰果汁原味,已拼471件,¥44.9
401137323331,锐澳微醺RIO国庆独家限定版礼盒微醺全家福鸡尾酒330ml*10罐装,已拼531件,¥58.0
157451970810,【冰鲜】【已做核酸检测】崇鲜进口冰鲜三文鱼500g(盒装刺身海鲜),已拼6.8万件,¥115.0
416383643332,【3人团】泓一糕点组合1130g奇亚籽全麦面包唱片面包提拉米苏蛋糕,已拼1504件,¥19.9
294036436227,【保税直发】韩国进口三养双倍奶油味火鸡面140g*4包方便面,总售10万+件,¥26.5
,¥20.8
394572752176,泸州老窖特曲晶彩52度浓香型白酒500ml瓶送礼宴请高端白酒特价,已拼2312件,¥203.0
370623146170,双汇火腿肠32g玉米热狗肠香辣香脆肠玉米香肠香辣香肠零食小吃,已拼2881件,¥25.9
72208708791,马来西亚原装进口LIMS零涩蓝山风味40条提神速溶咖啡粉三合一咖啡,已拼3.9万件,¥25.2
18124739697,【正品行货带码】双支装洋酒百加得白朗姆酒BACARDI RUM750ml原装,已拼6721件,¥117.0
256566339334,120周年 下关沱茶 2022特沱 下关2022年特沱  特沱 生茶 普洱沱茶,已拼1万件,¥63.5
399669444675,纽仕兰thelan全脂新西兰原装进口牛奶3.5g乳蛋白高钙250ml*24盒,已拼3.5万件,¥59.9
392167718808,康师傅蜜桃乌龙茶500ml*15瓶清凉饮料茶饮桃香饮品乌龙茶整箱批发,已拼7911件,¥33.9
392167718808,康师傅蜜桃乌龙茶500ml*15瓶清凉饮料茶饮桃香饮品乌龙茶整箱批发,已拼7911件,¥33.9
256566339334,120周年 下关沱茶 2022特沱 下关2022年特沱  特沱 生茶 普洱沱茶,已拼1万件,¥63.5
27.7
72208708791,马来西亚原装进口LIMS零涩蓝山风味40条提神速溶咖啡粉三合一咖啡,已拼3.9万件,¥25.2
5222416534,飘零大叔猪肉脯拒掺鸡肉108g/324g/540g靖江特产网红批发休闲零食,已拼10万+件,¥9.6
226091868783,食味港干裙带菜出口品质干货韩国海带汤宝宝免洗海裙菜嫩100g/袋,已拼10万+件,¥16.8
384855585272,山姆Member’s Mark每日坚果900g休闲零食混合果干果仁礼盒家庭装,已拼896件,¥116.5
4798346563,【京东配送】海皇御品即食海参辽参底播野生海参刺参大连海参500g,已拼2.9万件,¥150.0
408943400319,【5人团】王小卤虎皮凤爪40g*10根网红虎皮鸡爪追剧休闲囤货解馋,已拼8.9万件,¥29.0
218643486674,尤爱倍特全脂纯羊奶粉成年女士成人中老年儿童女士学生无蔗糖410g,已拼4万件,¥54.3
480916372,费列罗婚礼装巧克力礼盒装96粒金莎零食喜糖散装送女友费力罗进口,已拼3.5万件,¥192.0
392119195357,三得利知多1972年威士忌SUNTORY日本进口单一谷物洋酒43度无盒,已拼1018件,¥253.0
411886777213,白荡里内蒙古散养牛排骨原切肋排牛肋排牛肉新鲜带肉牛骨头多肉,已拼1.9万件,¥89.5
170830457053,福事多蜂蜜柚子茶柠檬茶1000g百香果蜂蜜茶冲饮水果茶饮品超大瓶,已拼10万+件,¥17.5
330685058682,【4人团】梅见青梅酒梅子酒330ml*2瓶开胃酒12度梅子酒低度微醺【10月7日发完】,已拼7195件,¥35.8
418031825339,【3人团】印尼进口丽芝士460g威化饼干纳宝帝奶酪儿童零食整箱,已拼1.1万件,¥12.0
363707444787,伊利每益添乳酸菌饮品100ml*20瓶0脂肪0蔗糖益生菌含乳饮料批发,已拼2.3万件,¥27.6
279356523745,燕之屋冰糖即食燕窝70g*8瓶滋补燕窝礼盒孕妇产品正品燕窝营养,已拼2150件,¥339.0
403869256758,福茗源金骏眉红茶2022武夷山桐木关金骏眉蜜香型茶叶礼盒500g,已拼337件,¥89.0
9.8
418644070427,【4人团】郎牌郎酒 53度 500ml*1瓶 酱香型白酒宴请聚会【10月5日发完】,已拼3989件,¥169.0
274595386939,探花村 纯米糠油5L 稻米油5L 富含谷维素 植物稻谷食用油5L,总售10万+件,¥78.3
296889769303,【3人团】立顿独立装水果茶三角茶包蜜桃芒果多口味可选45g*25包,已拼2489件,¥16.6
263189032745,胡姬花古法花生油5.2升(4L古法+400ml小榨*3瓶)压榨一级花生油,已拼10万+件,¥127.5
200910280352,CEPHEI奢斐进口原料美式无蔗糖黑咖啡粉100支冻干速溶提神学生,已拼1.1万件,¥45.8
16.8
413655615950,三得利大红袍无糖乌龙茶微甜茉莉组合350ml*6瓶混装,已拼1637件,¥22.9
418348734703,【5人团】展艺美式披萨4口味套餐 半成品早餐芝士匹萨家用烘焙,已拼935件,¥33.9
394358473285,好欢螺螺蛳粉柳州正宗加臭加辣400g*3袋和1盒干拌干捞原味螺狮粉,已拼1342件,¥49.9
413967187278,【3人团】百吉福棒棒奶酪540g/共25支+2支儿童高钙营养牛奶芝士棒,已拼8457件,¥33.0
415665325178,【新口味】元气森林0糖0脂0卡气泡水铝罐整箱装柑橙味330ml*6罐,已拼3411件,¥19.8
326003588073,【鲁花食品旗舰店】低芥酸菜籽油4.28L 物理压榨桶装食用油,已拼489件,¥88.99
404702988515,【冉航】现摘黄金百香果新鲜水果10个当季时令西番莲整箱包邮批发【10月10日发完】,已拼3518件,¥11.3
248889420643,【3人团】华牧鲜进口谷饲牛肉饼净重800g10片装无淀粉纯牛肉饼,已拼3839件,¥81.0
161044220828,PipingRock进口氨糖软骨素维骨力钙150片高效缓解腰腿膝盖关节痛,已拼6万件,¥93.0
334252287920,立顿经典茶包袋泡茶调味茶红茶绿茶茉莉花茶山茶花乌龙茶奶茶专用,已拼2.4万件,¥25.8
67639660154,【买一送一】【大用】农家散养乌骨鸡4斤白羽乌鸡净2斤散养土山鸡,已拼2.5万件,¥39.0
334268981273,探花村 亚麻籽油5L 冷榨一级胡麻油 正宗内蒙天然亚麻酸食用油5L,已拼1.8万件,¥106.9
369144142264,今麦郎一桶半清真板面非油炸宽面香辣牛肉面方便面泡面整箱批发,已拼2787件,¥36.8
250014102634,统一饮料1L*8大瓶冰红茶青梅绿茶冰糖雪梨果汁饮料整箱装,已拼4.1万件,¥29.6
382971706623,小样6桶自热饭盒煲仔饭拌面酸辣粉组合速食宵夜懒人方便即食免煮,已拼3932件,¥29.5
415970359433,【4人团】德国慕尼黑Paulaner柏龙小麦啤酒5L桶装保拉纳小麦白啤,已拼2839件,¥76.9
366180232207,秋林格瓦斯黑格瓦斯黑麦芽面包发酵饮料350ml*6瓶装,已拼2.5万件,¥18.13
411626149312,水井坊 臻酿八号52度500ml双瓶装正品浓香型自饮送礼宴请粮食白酒,已拼216件,¥683.0
392965336477,【商超一级果】突尼斯软籽石榴会理新鲜当季水果5/7斤整箱批发,已拼1.8万件,¥26.0
175541491266,中原进口g7黑咖啡无蔗糖咖啡速溶提神纯苦学生防困燃脂冰咖啡,已拼7156件,¥33.6
405192615474,【4人团】正大(CP)可生食鲜鸡蛋30枚1.68kg可生食标准整箱礼盒【3天内发货】,已拼4.1万件,¥29.9
395416232990,白象汤好喝20包+大骨面2包+牛面2包方便泡面袋装老母鸡汤牛肉整箱,已拼1902件,¥54.9
296054794884,Swisse娘娘钙柠檬酸钙片300粒维生素d中老年成人补钙孕妇孕期钙片,总售8.5万件,¥188.0
217965089423,华牧鲜 澳洲进口原切牛排儿童雪花谷饲小排牛排健身减脂520g/4片,已拼5万件,¥108.0
343581925776,草原领头羊 羔羊肉卷360g/袋 内蒙古羊肉片新鲜原切清真火锅食材,已拼6853件,¥84.6
278947379917,长寿花玉米油4L精装大瓶非转基因压榨一级家庭健康食用植物油烹饪,总售4.5万件,¥68.5
413965536204,【5人团】山姆Member'sMark蛋黄酥55g*12枚,已拼2万件,¥39.0
370186344898,瑞特斯波德德国进口100g*2块装Ritter Sport巧克力零食七夕礼物,已拼4.5万件,¥22.4
315102789031,百事可乐纯水乐330ml*12罐苏打气泡水汽水原味饮料饮品整箱装批发,已拼8376件,¥19.6
254707342115,【保税仓】24罐红牛RedBull泰国原装进口250ml维生素功能运动饮料,已拼2.7万件,¥108.0
182431052723,哈纳斯乳业新疆全脂纯牛奶粉300g淡奶粉乳粉学生孕妇早餐奶旗舰店,已拼10万+件,¥35.9
327344833371,湖北神丹50-60g熟咸鸭蛋红心流油批发独立包装4枚/10枚/16枚/20枚,已拼4999件,¥29.8
287707244684,老街口牛肉/香辣味兰花豆500g*2袋 休闲零食炒货小吃香辣蚕豆散装,已拼6869件,¥18.9
404128019129,洋河蓝色经典海之蓝42度520ML旗舰版整箱6瓶装浓香型白酒送礼收藏,已拼2026件,¥757.0
415205200003,费列罗巧克力T16粒礼盒装费力罗进口喜糖生日礼物网红零食散装,已拼983件,¥34.5
411204671337,【4人团】三得利和乐怡预调鸡尾酒350ml*6罐多口味微醺日本原装,已拼1.8万件,¥29.9
139649048468,【顺丰】非遗传承正宗徽三臭鳜鱼臭桂鱼安徽特产净膛单条7两起,已拼7.9万件,¥49.0

336647882650,【4人团】五得利面粉10斤六星超精小麦粉5kg包子馒头高筋面粉10斤,已拼3.3万件,¥21.9
418318058857,【3人团】今锦上阳澄湖大闸蟹公3.0两母2.5两8只螃蟹鲜活礼盒现货,已拼10万+件,¥139.0
417643109220,【3人团】怡颗莓Driscoll's秘鲁蓝莓4盒果径14mm整箱新鲜水果顺丰,已拼4830件,¥49.9
42225546950,4斤阿根廷红虾超大野生冰冻虾大虾冷冻海捕大虾新海鲜冷链包邮,已拼10万+件,¥269.0
147191725434,泓一北海道牛乳味威化饼干240g*2/4夹心饼干小零食批发整箱28枚,已拼10万+件,¥12.6
390313752660,洋河梦之蓝M1 52度500mL*4瓶整箱装口感绵柔浓香型白酒送礼酒水,已拼662件,¥1260.0
374875696552,【保税发货】LAVAZZA/拉瓦萨咖啡豆意式醇香特浓中度烘焙咖啡1kg,已拼5061件,¥119.0
372615175061,桂格即食燕麦片经典原味2000g家庭装2kg新品早餐代餐办公室燕麦片,已拼1.4万件,¥24.8
251312769636,可口可乐膳食纤维+0脂0糖0卡碳酸饮料汽水500ml*12瓶装整箱批发价,已拼1.4万件,¥36.9
269067491829,【10桶装】小样自热米饭煲仔饭免煮方便速食食品宿舍懒人即食批发,已拼4500件,¥77.9
198453852839,【3人团】MissBerry贝瑞甜心青梅酒果酒520ml/瓶  (裸瓶),已拼1.2万件,¥19.9
163086971278,恋凝香特级2022新茶茉莉花茶叶龙毫浓香耐泡横县茉莉白毫花茶500g,已拼10万+件,¥52.0
928589017,粮悦大吃兄糯米锅巴990g安徽特产手工制作锅巴零食办公休闲整箱,已拼10万+件,¥17.0
418127789264,【3人团】四川黄心猕猴桃奇异果5斤装单果80-100g彩盒装应季水果,已拼4388件,¥16.9
372694215201,肌肉科技六星锌镁肌酸粉120g运动增肌健身冲刺提运动爆发力量耐力,已拼1万件,¥59.0
113635069206,【超大松花蛋】金松皮蛋无铅松花蛋皮蛋鸭皮蛋 大蛋10枚20枚包邮,已拼10万+件,¥16.5
205764049216,玛呖德蛋皮香葱卷面包500g蛋糕吐司早餐零食整箱批发,已拼10万+件,¥13.7
404737589639,【3人团】新鲜秋月梨薄皮超甜大果梨子水果净重5斤批发,已拼1.3万件,¥19.9
191245167478,【2袋】欧扎克酸奶块水果麦片408g*2包坚果即速食营养冲饮早代餐,已拼10万+件,¥34.8
363340126448,独角兽暴肌厨房抹茶蛋糕180g整盒早餐休闲零食魔芋蛋糕零食低脂肪,已拼6585件,¥16.8
111311820291,德叔鲍鱼正宗佛跳墙盆菜加热即食新鲜海鲜海参花胶新鲜礼盒大礼包,已拼5万件,¥98.0
249718535596,陇上刘叔叔家庭原切羊肉串10串*4袋 煎烤炸皆可 送烧烤酱,已拼3333件,¥80.2
331017602573,LifeSpace益倍适B420益生菌60粒成人女性塑身肠道健康女性益生菌,已拼1030件,¥104.5
418603684190,【5人团】德亚德国原装进口牛奶200ml*30盒整箱全脂纯牛奶早餐奶,已拼2.9万件,¥49.9
62803494207,中粮福临门压榨纯香菜籽油5L*2品牌食用油三级菜油批发炒菜烹饪,已拼2511件,¥150.9
40218358947,福事多谷物水果坚果仁燕麦片2袋500g营养早餐无加蔗糖代餐健身食,已拼10万+件,¥9.8
405075011344,可口可乐零度可乐330ml*24罐无糖0卡0糖0脂碳酸夏日聚餐饮料,已拼1万件,¥47.9
89268196318,十月稻田八宝米2.5kg八宝粥5斤真空装杂粮粗粮熬粥黑米小米糙米,已拼9.4万件,¥26.9
393036127558,五粮液 五粮春第二代 52度500ml*2瓶装 浓香型白酒,已拼117件,¥466.0
293174054310,SUNTORY 三得利 无糖/低糖乌龙茶500ml*12瓶 装茶多酚 茶饮料屯货,已拼10万+件,¥42.7
333205015064,【国标13倍泡发】久年大连淡干海参正宗辽参高档实木礼盒节日送礼,已拼249件,¥654.0
117257296719,河套家用粉10kg 包子馒头饺子通用面粉无添加 直销纯天然小麦粉,已拼1.7万件,¥66.9
73423861,春丝江西米粉米线粉丝2kg*2绿色食品炒粉汤粉拌粉可做,已拼10万+件,¥34.2
495190355,陇上刘叔叔 新鲜国产羊后腿纯肉2/5斤装爆炒纯羊肉包子饺子食材,已拼1.4万件,¥89.0
46246326984,8月产 蒙牛原麦早餐奶200ml*24盒/箱,已拼1.8万件,¥44.5
343568149362,福临门含10%玉米胚芽油食用植物调和油5L*2桶家用食用油健康油,已拼2.4万件,¥129.8
202497616087,九阳豆浆石磨风味270g*3袋低甜原味营养早餐豆奶小包装速溶豆浆粉,已拼10万+件,¥27.5
225744885861,【4人团】十月稻田 东北长粒香米5kg真空锁鲜装东北大米10斤粳米,已拼4.7万件,¥23.9
142123742314,【4人团】王饱饱燕麦片210g*2袋 送33g*2多口味酸奶榛子黑巧麦片,已拼10万+件,¥22.9
391748586143,康师傅纯萃零糖无糖茶茉莉花茶1L*12瓶囤货饮料批发夏日水饮品,已拼1.5万件,¥45.8
395403773797,白象汤好喝5包+精炖2包袋装老母鸡汤招牌原汁猪骨辣牛肉方便泡面,已拼3742件,¥18.0
399928591729,Swisse葡萄籽烟酰胺300粒升级版双倍美容养颜抗氧提亮白皮肤暗沉,已拼3030件,¥127.0
170153896491,【4人团】VSPT圣海莲娜太阳女神系列solar霞多丽干白葡萄酒750ml,已拼1.4万件,¥40.5
187354341491,【4人团】野格圣鹿酒利口力娇酒700ml 正品行货网红德国原装进口,已拼695件,¥62.5
8917105673,麦斯威尔速溶咖啡粉经典原味咖啡30条+特浓20条,已拼5460件,¥31.9
263402420079,金味营养麦片原味家庭装1500g即食燕麦冲饮学生早餐代餐可干吃,已拼3.6万件,¥48.9
59682031679,臻牧中老年成人羊奶粉富硒高钙益生菌营养无蔗糖820g大罐装,已拼5.2万件,¥97.8
,¥83.0
269538161411,印尼营多捞面干拌面一整箱24袋装批发泡面宿舍速食方便面火鸡面,总售4.3万件,¥42.9
218651715307,修正越橘叶黄素软胶囊60粒维生素A眼疲劳改善视力非护眼咀嚼片,已拼10万+件,¥34.9
408665458415,【新日期】三元原味酸牛奶1kg*1桶营养早餐酸奶批发炒酸奶商用,已拼1.4万件,¥12.78
230763815297,【3人团】香飘飘曼优优30袋新品茗茶5口味奶茶粉DIY奶茶热饮,已拼1389件,¥19.9
242048990984,鲨鱼菲特夹心全麦面包欧包泡芙2斤装代早晚餐粗粮网红宿舍零食品,已拼10万+件,¥23.18
16915591107,【新日期】金龙鱼花生浓香型调和油1.8L食用植物油家用小瓶实惠装,已拼3.2万件,¥27.8
132552310419,中粮福临门非转基因纯正菜籽油5L装 传统菜油风味精炼三级,已拼10万+件,¥79.7
274771680711,南国纯椰子粉果汁椰汁粉无添加糖椰奶厚乳粉海南特产冲饮椰浆奶茶,已拼3.4万件,¥17.4
170853000669,百事可乐可乐330ml*24罐七喜美年达经典拉罐汽水碳酸饮料整箱批发,总售5.2万件,¥42.9
333150329634,福茗源 铁观音2022新茶春茶安溪原产铁观音兰花香乌龙茶250g,已拼2.5万件,¥21.3
322595424291,江中奇亚籽坚果藕粉500g罐装高饱腹代餐颗粒速溶免煮学生营养早餐,已拼6.2万件,¥22.9
8859489948,冠生园上海大白兔奶糖原厂袋装500g喜庆礼罐糖果礼物喜糖儿时怀旧,已拼10万+件,¥18.2
277506455084,良品铺子每日酸奶麦片400g早餐食品代餐冲饮食品即食坚果麦片解馋,已拼10万+件,¥19.8
411419923812,今麦郎麻辣牛肉板面桶面香辣卤香非油炸方便面速食泡面安徽板面味,已拼849件,¥13.8
416857101408,白荡里澳洲和牛M5牛肉片原切肥牛卷火锅食材烧烤牛肉卷烤肉生肉,已拼1.4万件,¥109.0
416967629282,五得利面粉50斤八星雪花小麦粉25kg包子馒头凉皮家用高筋面粉50斤,已拼331件,¥122.5
92009524312,张一元 茶叶茉莉花茶特级香雪50g×3袋共150g 2022茉莉花茶浓香型,已拼10万+件,¥79.0
329356328049,奥兰小红帽奥太狼干红葡萄酒375ml*6 西班牙高档红酒低度聚会饮品,已拼2837件,¥84.0
8845164555,泓一无蔗糖黑麦全麦面包1000g整箱早餐懒人代餐充饥零食休闲食品,已拼10万+件,¥15.67
248875965072,【3人团】隅田川胶囊咖啡液8颗*2袋浓缩液体冷萃冰咖啡速溶黑咖啡,已拼2.8万件,¥25.9
6198832121,双塔500g龙口粉丝火锅速食山东特产正宗绿豆豌豆细粉条花甲粉丝,已拼10万+件,¥9.9
246146813474,乐事薯片经典原味104g黄瓜休闲零食大礼包一整箱便宜批发新日期,已拼2.8万件,¥26.4
4695381150,南国340g海南椰子粉营养20小装代餐粉早餐代餐速溶特浓椰子奶茶粉,已拼10万+件,¥14.3
369089003282,【御品一园】爆甜冬枣新鲜水果运城庙上冬枣脆枣鲜枣青红栆1000g,已拼5287件,¥16.8
413842947372,陕西西凤酒经典绿瓶高脖45度500ml整箱6瓶装盒装凤香型纯粮食正品,已拼743件,¥240.0
280959880077,康比特炽金乳清蛋白质增肌粉450g瘦子增重增肌粉健身长肥胖益生菌,已拼10万+件,¥68.9
400309562850,Hennessy轩尼诗VSOP1500ml干邑白兰地法国原装进口【有码礼盒装】,已拼93件,¥899.0
.8
9.5
159426026268,正宗海南文昌鸡椰子鸡火锅套餐配料农家散养小母土鸡走地鸡汤蘸料,已拼5.4万件,¥97.0
410424879885,洋河蓝色经典 52度海之蓝520ml*6瓶整箱装白酒 口感绵柔浓香型,已拼541件,¥865.0
241334676166,泓一炼乳味吐司500g面包整箱早餐充饥零食小吃糕点休闲食品批发,已拼4万件,¥17.7
164121962248,承德露露杏仁露 15罐 310ml大罐整箱 中秋礼盒送礼植物蛋白杏仁奶,已拼6.8万件,¥63.9
356381137538,李锦记薄盐生抽大桶装1.52KG酿造酱油商用炒菜凉拌调料批发家庭装,已拼10万+件,¥29.2
248054875940,肌肉小王子高蛋白鸡胸肉100g*5袋即食开袋代餐食品饱腹低脂鸡肉类,已拼8.1万件,¥19.9
417687404239,【4人团】金锣火山石烤肠400g*2袋道地肠猪肉肠香肠烧烤食材早餐,已拼3200件,¥19.9
408563328409,【3人团】张裕旗舰正品樱甜红葡萄酒红酒赤霞珠750ml*2瓶装,已拼7079件,¥29.9
148458407350,现货东北姑娘果黄姑娘果灯笼果菇娘果当季水果2-5斤单果3-7克,已拼10万+件,¥21.9
382530689975,江小白果立方15/23度168ml*2蜜桃葡萄味水果女士微醺低度高粱酒,已拼1.3万件,¥19.9
250002928789,日本进口UCC悠诗诗职人无蔗糖即饮咖啡美式黑咖啡饮料900ml/瓶,已拼10万+件,¥18.8
209068710676,派斯顿威士忌苏格兰原酒可乐桶xo洋酒威士忌酒40度烈酒700ml*2,已拼10万+件,¥61.0
342483246644,秋林格瓦斯黑格瓦斯1.5l*6瓶装俄罗斯风味黑麦芽+面包发酵饮料,已拼9404件,¥50.5

400832356323,水井坊菁翠52度500ml*4 浓香型纯粮正宗整箱装高端白酒礼盒装,已拼12件,¥4778.0
230078135864,品珍鲜活 广东金汤酸菜鱼430g*3盒古法秘制黑鱼片加热即食下饭,已拼7.3万件,¥65.9
408669061958,养乐多活性乳酸菌乳饮品原味100ml*20瓶益生菌酸奶饮料,已拼387件,¥47.5
264857090233,【保税发货】澳洲美可卓蓝胖子成人儿童孕妇全脂高钙牛奶粉1KG/罐,已拼4492件,¥155.9
291553751060,袋鼠先生 鸡胸肉即食100g*30袋低脂高蛋白健身代餐高饱腹袋装零食,已拼1.8万件,¥102.8
138421109897,沈万三周庄特产万三蹄猪蹄髈肘子1斤2斤肉类熟食卤味即食真空包装,已拼10万+件,¥27.06
243146874982,柯林意式浓缩速溶黑咖啡健身低脂提神醒脑冷热冲饮227g可泡126杯,已拼10万+件,¥29.3
400422448160,【现货】 梅州红心蜜柚2/9斤新鲜广东水果三柚子福建平和琯溪礼盒,已拼10万+件,¥7.9
10542414653,2022年新货金龙鱼非转基因花生浓香型植物调和油5L家用桶装油,已拼10万+件,¥77.9
248055568285,肌肉小王子低脂鸡肉肠25g*10袋高蛋白健身即食不添加淀粉食品代餐,已拼6.8万件,¥11.1
306640449630,修正蓝莓叶黄素酯60片*2瓶搭儿童成人眼睛干涩疲劳视力模糊护眼片,已拼3.4万件,¥34.8
234695882944,天虹牌500g原味混合果仁每日坚果巴旦木腰果混合1斤孕妇零食小吃,已拼10万+件,¥49.8
245251067548,正新地道肠火山石烤肠正宗台湾风味香肠热狗肠衣灌肠脆皮烤肠批发,已拼10万+件,¥24.9
243148501359,皇家小虎葱油饼批发早餐食品速食手抓饼饼皮正宗家庭装半成品10片,已拼5.4万件,¥11.7
288746832234,双汇王中王优级火腿肠405g袋装小零食烤肠即食香肠泡面搭档手抓饼,已拼5201件,¥14.8
88532449853,桂格即食冲饮燕麦片35g*28包营养早餐食品免煮麦片便携,已拼3.7万件,¥17.9
324413387754,丽芝士布朗尼软心趣500g+28g爆浆巧克力夹心办公独立包装网红零食,已拼2.2万件,¥16.8
291235527526,MMS网红花生牛奶巧克力豆散糖果20袋270g婚庆喜糖儿童零食大礼包,已拼1.8万件,¥23.9
214034099267,【买一送一】绝艺香辣鸭翅18g湖南特产翅中卤味休闲零食小吃批发,已拼8.1万件,¥15.5
248762,华味亨吃不厌话梅108g袋装2袋/4袋酸甜梅子蜜饯果干果脯孕妇零食,已拼10万+件,¥8.9
67619507723,鲨鱼菲特即食糙米饭120g*5包鸡胸肉牛肉虾仁粗粮代早餐方便速食品,已拼7.1万件,¥32.9
33039727651,【保税发货 Logo查验】美可卓蓝胖子奶粉 全脂牛奶粉 1kg/罐,已拼10万+件,¥229.9
375413169931,五粮液 1618 52度500ml*1瓶装纯粮正宗浓香白酒正品特价收藏送礼,已拼824件,¥929.0
322355,Danisa皇冠曲奇681g黄油曲奇饼干送爱时乐150g夹心棒中秋年货礼盒,已拼2.3万件,¥65.9
316245837398,绝艺全肉零食大礼包400g盒装香辣鸭脖零食网红休闲食品整箱1200g,已拼1.6万件,¥18.5
221121015695,澳农卡 贝贝南瓜板栗味小南瓜日本进口种源宝宝辅食正宗新鲜5斤,已拼10万+件,¥28.8
287334121996,白象汤好喝方便面汤面整箱袋装泡面老母鸡汤面宿舍速食夜宵泡面,已拼2.8万件,¥28.8
354195957664,桂格麦果脆奶块水果麦片480g营养谷物冲泡麦片早餐干吃零食,已拼4.7万件,¥15.8
4161612359,上好佳零食大全儿时回忆怀旧虾片休闲小吃追剧小零食大礼包5-10g,已拼10万+件,¥19.5
400864693719,钓鱼台七星芳华酒 500ml*6瓶整箱装 酱香型白酒 收藏送礼宴请,已拼23件,¥3497.0
196815930083,百草味冰雪蛋糕540g*2箱麻薯夹心整箱早餐面包网红零食540gx1箱,已拼10万+件,¥19.5
59707439597,味库海鲜水产鲜活龙虾波士顿大龙虾450-550g/2只新鲜澳洲龙虾,已拼1543件,¥289.0
155348297339,千禾特级酱油1.8L*2瓶 酿造酱油 不加防腐剂 烹饪炒菜 凉拌调味【10月7日发完】,总售10万+件,¥28.9
277651198572,北欧海盗乳清蛋白质增肌粉1磅健身补剂产品肌肉瘦人增重增胖,总售10万+件,¥69.5
379412982989,加多宝凉茶植物饮料310ml*12罐礼盒装  怕上火喝加多宝,已拼539件,¥29.8
373169934351,柴火大院 五常大米5kg2袋组合 五常稻花香2号东北香米黑龙江大米,已拼1.8万件,¥99.6
398015129481,雨润美味盐方220g 便携餐饮三文治佐餐火腿营养早餐三明治火腿肠,已拼8148件,¥5.84
207509286084,汤好喝白象汤面袋装泡面方便面一整箱批发猪骨老母鸡宿舍零食速食,已拼3.9万件,¥16.9
315149486070,比比赞奶香味红豆味魔方生吐司400g厚切夹心手撕早餐面包整箱批发,已拼6.9万件,¥7.8
405015020273,好丽友果滋果心软糖网红爆浆果汁qq糖橡皮糖扒皮糖儿童糖果小零食,已拼3419件,¥9.47

215693948782,日本进口卡乐比水果麦片网红学生早餐燕麦即食免煮700g*3袋,已拼2.9万件,¥143.9
184278063223,好时排块牛奶巧克力100g散装零食婚礼喜糖批发年货糖果纯可可排块,已拼1.1万件,¥15.5
415949156157,【3人团】小样乳酸菌100ml*20瓶原味乳酸菌酸奶益生菌营养整箱,已拼7083件,¥14.9
27.8
249915294565,梅见青梅酒12度150ml微醺果酒女生低度酒高颜值梅子酒梅酒礼盒装,已拼10万+件,¥9.9
379650120395,习酒铁盖 习酒高端款木质礼盒包装 53度酱香型白酒500ml单瓶装,已拼28件,¥833.0
215268133006,十月稻田 银耳200g*2袋银耳干货特产无硫雪耳糯耳银耳莲子羹,总售6万件,¥29.3
327569315371,汇仁蓝莓叶黄素酯60片可搭学生儿童成人眼睛干涩疲劳近视护眼片,已拼1.3万件,¥19.9
907995118,汾都香5斤东北玉米糁农家自产新鲜苞米渣玉米棒子渣子大渣熬粥1斤,已拼9.5万件,¥5.03
313058236868,BUFFX 可乐味提神糖上课开车神奇醒醒片8粒学生犯困牛磺酸维生素B,已拼7.2万件,¥12.9

249086140915,海天厨房调料套装 生抽老抽蚝油料酒醋盐焗粉组合炒菜凉拌调味品,已拼6647件,¥29.9
313860187191,五粮液股份 绵柔尖庄 新大光42度/50度500ml*6瓶浓香型纯粮正品酒,已拼2万件,¥121.48
208840921890,同仁堂红豆薏米茶祛湿茶除湿气茯苓芡实苦荞茶花茶调理养生茶150g,已拼10万+件,¥13.5
172747745527,黑巧克力高乳清蛋白棒14根威化饱腹0添加蔗糖代餐解馋健身零食,已拼10万+件,¥31.9
319815609715,金龙鱼爽滑挂面800g 面条挂面细面 早餐汤面拌面速食家用鸡蛋面条,已拼2.6万件,¥12.2
406013268281,胡姬花古法花生油900ml*2小瓶装特香型食用油家用压榨一级宿舍用,已拼7654件,¥45.9
12.7
273307679841,轩博工匠精酿啤酒原浆整箱大桶扎啤小麦青岛风味批发罐装啤酒整箱,已拼3.1万件,¥50.8
200984755383,肖战同款 隅田川速溶黑咖啡美式0蔗糖0添加咖啡粉30条装学生提神,已拼2.7万件,¥29.9
619384420,【3人团】奥利奥夹心饼干349g*1袋/3袋多种规格口味可选零食礼包,已拼10万+件,¥9.5
129353406081,三只松鼠_麻辣零食大礼包500g/袋卤味鸭脖零食充饥夜宵食品推荐_,已拼10万+件,¥15.8
330554146087,九五至尊 475ml珍藏 黄飘带 贵州茅台酒 飞天茅台 礼盒装酱香白酒,已拼119件,¥3450.0
4432212688,金帝珍爱榛仁夹心黑巧克力棒散装巧丝盒装威化蛋卷零食饼干圣诞,已拼10万+件,¥16.9
333135096905,【国标8-12倍泡发】久年大连淡干海参辽刺参野生底播干海参礼盒,已拼2726件,¥96.0
395800171149,亨氏番茄沙司0蔗糖150g番茄酱披萨意面汉堡薯条手抓饼点蘸酱料,已拼9145件,¥8.9
331406005733,千禾零添加五香料酒 1L*1瓶 去腥调味料酒 不加香精不加碘正品保,已拼1.3万件,¥10.09
174833501697,A'ra进口幽门螺杆菌胃胀气口臭护胃酸调理肠胃益生菌养胃胶囊60粒,已拼8.5万件,¥76.0
394345174139,千丝厦门特产椰子饼290g椰蓉面包早餐蛋糕点网红零食小吃休闲食品,已拼1.8万件,¥7.8
329351951631,永和豆浆粉1020g袋装 经典原味甜豆浆粉非转基因大豆早餐速溶豆粉,已拼6.5万件,¥29.5
4715198607,塔牌绍兴黄酒冬酿花雕酒500ml*6瓶整箱装老酒传统手工冬酿加饭酒,已拼2.5万件,¥68.9
408546419251,洋河蓝色经典 梦之蓝 M3 水晶版 棉柔浓香型白酒52度550ML单瓶装,已拼157件,¥469.0
158345803684,知味观传统糕点礼盒装544g送礼品绿豆糕杭州特产老字号点心伴手礼,总售7万件,¥39.9
339206863725,敖东蓝莓叶黄素β胡萝卜素软胶囊60粒学生成人呵护视力缓解眼疲劳,已拼10万+件,¥35.8
190094435266,【参之源】精选正宗西洋参片50g长白山产正品花旗参非人参片中片,已拼10万+件,¥22.8
136686116389,旺旺旺仔牛奶整箱批发125ml*12盒散装牛奶儿童早餐牛奶休闲饮品,已拼7755件,¥25.6
25528088950,【50克大蛋】白荡里正宗农家散养土鸡蛋新鲜柴鸡蛋草鸡蛋10-40枚,已拼10万+件,¥19.9
240087208911,【买6送6】优形沙拉鸡胸肉低脂健身代餐即食高蛋白鸡胸奥尔良烧烤,已拼10万+件,¥45.78
2827765228,黄金搭档深海鳕鱼肝油软胶囊30粒 增强免疫力dha儿童鱼肝油青少年,已拼10万+件,¥22.9
85368117208,马来西亚进口益昌老街80条装三合一速溶咖啡提神醒脑特浓800g*2袋,已拼10万+件,¥56.7
404188120231,今麦郎全新口味一袋半6袋6种口味方便面泡面110g大面饼,已拼7344件,¥16.1
266844329491,独角兽暴肌厨房全麦低脂面包欧包600g/箱早餐减低粗粮肥零食批发,已拼1.9万件,¥16.0
248856436411,【大朵金丝皇菊】贡苑菊花茶一杯一朵茶叶花茶头采大朵贡菊花泡茶,已拼10万+件,¥9.9
6029163924,康恩贝褪黑素维生素B6睡眠片30粒可搭改善睡眠失眠安神助眠片入睡,已拼10万+件,¥9.7
416986977936,新日期新希望纯牛奶200ml*12盒学生白帝家庭专用营养早晚餐奶,已拼1万件,¥26.9
105550772076,【誉福园】云南哀牢山冰糖橙橙子水果商超一级果净重5斤单果65mm+【10月9日发完】,已拼10万+件,¥32.9
163683705118,雪天精制食用盐400g*7包加碘食盐家用炒菜调味品厂家直销巨划算,已拼8.5万件,¥8.87
418101149381,水井坊 菁翠52度500ML*1 浓香型白酒纯粮高端单瓶礼盒装,已拼17件,¥1199.0
292756449101,绿箭花香无糖薄荷糖铁盒装35粒新口味蜜桃随身携带清新口气糖果,已拼3.7万件,¥22.5
82763477838,印尼进口丽芝士nabati奶酪芝士夹心威化饼干罐装纳宝帝零食大礼包,已拼1.9万件,¥14.2
417002551752,【5人团】太粮 曼哈浓香小茉莉香米5kg长粒香软大米10斤泰国香米,已拼1.2万件,¥21.5
117194032065,佳沛新西兰进口奇异果猕猴桃22粒/146-175克原箱礼盒孕妇水果,已拼9051件,¥209.0
195368808611,盈羽 真贝贝南瓜板栗味小南瓜正宗新鲜进口种源甜糯辅食2.8/4.8斤,已拼10万+件,¥21.8
360933339414,圣农霸气大号鸡全腿5包半成品空气炸锅蜜汁卤香味冷冻烧烤食材,已拼3257件,¥58.1
9290378977,绍兴特产黄酒 咸亨雕王十年陈酿老酒精品礼盒装黄酒整箱500ml*6瓶,已拼10万+件,¥145.0
208366717554,圣女果水果小黄瓜新鲜西红柿子樱桃番茄千禧青瓜生吃2/4斤澳农卡,已拼10万+件,¥12.8
247006473541,蒙牛中老年奶粉800gX2罐礼盒装高钙牛奶粉 添加鱼油 无添加白砂糖,已拼1.5万件,¥110.0
390840986235,泸州老窖特曲中华老字号52度浓香型500ml*2瓶九代十代随机没原箱,已拼801件,¥536.0
88391563140,五里坊味极鲜酱油1.28L 特级生抽凉拌烹饪炒菜粮食酿造酱油3.1斤【10月7日发完】,已拼2万件,¥13.42
35804169717,修正深海鱼油软胶囊60粒辅助降血脂中老年成人保健品搭鱼肝油dha,已拼10万+件,¥24.7
292022545521,德芙脆香米24g*24条盒装脆米心牛奶夹心巧克力休闲食品巧克力批发,总售6.7万件,¥54.7
414044674363,【胡鲜森】福建红心柚子白肉黄金柚三红蜜柚新鲜水果4个组合装,已拼3778件,¥29.0
142947665224,瑞幸咖啡吸猫系列2.0挂耳咖啡无蔗糖黑咖啡混合经典装 10g*6袋/盒,总售4.3万件,¥29.9
167087827027,和酒 黄酒上海老酒 和酒五年陈5年 营养黄酒12瓶 整箱家庭量贩装,已拼6785件,¥115.0
367489267477,【3人团】阿尔帝蒲烧鳗鱼罐头鲜活烤制鳗鱼段即食日式高品质鳗鱼,已拼3811件,¥9.9
312400841968,鲨鱼菲特0脂肪乔荞麦挂面200g*6袋粗粮拌面条代餐早餐宿舍食品,已拼9067件,¥12.54
397618459190,郎酒 2019盛世郎纪念酒 53度 500ml*2瓶 酱香型白酒,已拼465件,¥476.0
64217874858,五得利面粉七星雪晶小麦粉50斤包子饺子馒头25kg中筋家用面粉批发,已拼4570件,¥121.5
6248097980,妙可蓝多汪汪队奶酪棒儿童零食高钙芝士棒棒奶酪口味好吃500g+40g,总售10万+件,¥55.95
351400763701,白象方便面正宗兰州牛肉拉面84g*6桶整箱速食非油炸泡面正品批发,已拼9374件,¥25.9
259524369343,A'ra进口加强版护肝片60粒肝肾同补奶蓟草肝火旺腰腿酸痛肝肾亏损,已拼2.8万件,¥84.0
393127023640,9月货皇氏集团优氏香草冰淇淋牛奶清甜细腻200ml*10一整箱批发,已拼2.1万件,¥25.9
121353983076,古南丰黄酒非绍兴花雕酒小缸5陈年上海老酒2.5L5斤大桶装自饮料酒,已拼10万+件,¥13.52
366176982750,金龙鱼花生浓香型食用植物调和油1.8L*6小瓶装食用油家用整箱,已拼9093件,¥156.6
400478117817,河北皇冠梨梨子新鲜水果5/10斤整箱现摘百年雪花梨鸭梨酥梨青皮梨,已拼2.1万件,¥16.9
24131596335,瓦伦丁拉格啤酒德国原装进口罐装啤酒整箱批发500ml*24听装,已拼6.8万件,¥96.8
381331886908,鲨鱼菲特0脂荞麦方便面60g*10和鸡肉肠25g*6代餐主食饱腹粗粮全麦,已拼8079件,¥21.8
355476183693,福事多山药玉米糊400g低脂0蔗糖玉米糊早餐代餐粥养胃免煮即食,已拼1万件,¥10.9
402473323474,五粮液 52度普五浓香型白酒500ml*6瓶 整箱(七代八代随机发),已拼240件,¥5599.0
7436536943,桂格即食燕麦片27g*15/30包小包装早餐牛健康便捷麦片独立包装,已拼10万+件,¥15.9
102416430451,林氏珍宝堂 印尼溯源码正品三角盏燕窝干盏12-100g燕盏孕妇滋补品,总售2.6万件,¥177.6
188187443698,安琪酵母粉5g耐高糖家用低糖高活性酵母发面粉包子馒头面点孝母粉,已拼3万件,¥6.65
211368807803,南国海南椰子片香脆椰片25g椰子烘焙脆片水果干零食果干果脯小吃,已拼10万+件,¥6.3
359540105546,金龙鱼 食用油 调和油4L 非转基因 玉米葵花籽食用植物调和油,已拼5806件,¥59.8
141931409400,福茗源毛尖茶叶 2022新茶雨前春茶浓香型绿茶嫩芽耐泡型袋装250g,已拼5.6万件,¥33.0
329564652821,五得利面粉50斤三星富强小麦粉25kg包子烙饼家用高筋面粉50斤,已拼1330件,¥114.6
374925633723,【3人团】泸州老窖酒厂直营老窖藏品蜀之春60度600ml*4浓香型白酒,已拼695件,¥104.0
7953052450,蒙时代7成干牛肉干500g风干手撕牛肉干正宗内蒙特产零食独立包装,已拼10万+件,¥89.9
373675340304,贵州习酒窖藏1988雅致版53度579ml*2瓶 酱香型白酒送礼高端礼盒装,已拼1万件,¥1126.0
329564652821,五得利面粉50斤三星富强小麦粉25kg包子烙饼家用高筋面粉50斤,已拼1330件,¥114.6
211368807803,南国海南椰子片香脆椰片25g椰子烘焙脆片水果干零食果干果脯小吃,已拼10万+件,¥6.3
342082994430,嘉华经典玫瑰饼500g鲜花饼云南花饼特产零食传统糕点心七夕饼干,已拼1.3万件,¥31.5
7953052450,蒙时代7成干牛肉干500g风干手撕牛肉干正宗内蒙特产零食独立包装,已拼10万+件,¥89.9
290328842701,连咖啡速溶咖啡2g*7颗官方0加糖每日鲜萃黑咖啡美式拿铁便携速溶,已拼6.9万件,¥19.5
16134919580,欧贝拉黑麦代餐面包早餐整箱480g切片全麦吐司健身饱腹无糖精零食,已拼10万+件,¥8.8
233064499565,卫龙亲嘴烧辣条儿时麻辣香辣零食辣味零食小吃休闲食品素肉大礼包,已拼2.4万件,¥17.9
350095867974,修正玫瑰油葡萄籽凝胶糖果搭维生素e软胶囊精油涂脸美容护肤脸部,已拼2.9万件,¥19.9
334604898644,【佳沃】泰国进口椰青2-9粒装单果900g新鲜奶香大果椰子孕妇水果,已拼2.4万件,¥25.9
410142860777,梅州红心柚子2/5/9斤蜜柚新鲜水果三红肉广东沙田柚福建平和琯溪,已拼10万+件,¥7.8
405514691,上海冠生园压缩饼干118g户外高能量营养代餐饱腹干粮食品118g,已拼10万+件,¥19.0
370180196104,【白荡里】山林黑猪排骨新鲜猪骨头猪脊骨酱骨头食材新鲜多肉,已拼5992件,¥31.9
416995059266,贵州茅台醇1998酱香型白酒53度500ml单瓶礼盒装 新老款随机发货,已拼179件,¥90.0
148021599,百草味纯肉类零食大礼包620g共7袋卤肉类居家追剧学生宿舍夜宵,已拼10万+件,¥52.9
381528236453,百草味板栗仁60g*10袋休闲特产零食免剥即食熟栗子板栗仁60g*1袋,已拼5950件,¥5.9
403205943434,真真老老元气黑米粥330g*6杯营养早餐粥方便速食杯装粥养胃即食粥,已拼3297件,¥16.0
3264593180,黄金搭档钙铁锌钙60片/瓶长增提高产品补钙学生青少年儿童发育,已拼10万+件,¥23.9
210993191389,百草味水果干大礼包1580g/1168g 芒果干果脯蜜饯休闲零食礼盒送礼,已拼4.2万件,¥49.9
360448691399,米多奇雪饼仙贝童年怀旧雪米饼休闲食品饼干组合零食礼包散装批发,已拼10万+件,¥5.39
402912803017,【礼盒装】四川汶川阿坝红脆脱骨李子芙蓉李蜂糖李土特产3斤起,已拼1.9万件,¥22.9
276553105113,SorLife原装进口胶囊脑疏通心脑血管软化溶栓血非日本红曲60粒/瓶,已拼3.8万件,¥80.0
382448830997,山西杏花村汾酒巴拿马20汾酒42度475ml*1/2瓶 礼盒装清香型白酒,已拼344件,¥303.0
413360098241,【官方授权】香满园橄榄食用植物调和油4L装调和油食用油【10月7日发完】,已拼171件,¥59.9
323726422877,三只松鼠_每日坚果500g箱推荐_量贩混合干果水果小包装礼盒,已拼2.3万件,¥50.4
288906530187,小样小乳酸菌饮料哪吒联名款100ml*20瓶风味酸牛奶 早餐奶整箱装,已拼1.2万件,¥22.8
228279725362,真真老老嘉兴粽子经典鲜肉方便粽150g*5只早餐速食食品端午节团购,已拼10万+件,¥14.7
296818892029,【6枚】独角兽暴肌厨房蛋糕魔芋黑森林蛋糕低脂肪180g休闲零食品,总售10万+件,¥15.2
230692229061,曼妥思冻感立方46g无糖口香糖薄荷糖果混合提神清新口气休闲零食,已拼1.1万件,¥15.4
261490611934,【鲁花官方旗舰店】鲁花5S压榨一级花生油4.28*1 食用油 粮油,已拼10万+件,¥129.8
381378240431,正品五粮液 小五粮酒 52度375ML*1 五粮液股份宜宾宜宾浓香送礼,已拼398件,¥268.0
58600056493,康恩贝DHA牛磺酸锌60粒学生儿童dha非补脑食品提高辅助改善记忆力,已拼10万+件,¥35.9
325796518135,LISA同款芝华士12年500ml*2苏格兰威士忌礼盒装官方正品轰趴送礼,已拼2055件,¥223.0
77245740258,莱特维健成人益生菌胶囊进口活性菌6000亿便秘通调理胃肠道60粒,已拼5.1万件,¥71.25
65633069231,国联小霸龙港式特大虾饺皇200g/袋广式早茶点心批发烧卖水晶虾仁,已拼8.5万件,¥46.9
229481958991,同仁堂清肺茶养肺润肺洗肺茶罗汉果胖大海菊花金银花养生茶150g,已拼10万+件,¥26.0
144681738395,马大姐肉松饼340g起早餐面包糕点点心休闲零食小吃代餐零食大礼包,已拼3.3万件,¥10.6
245808404897,【新日期】哈尔滨小麦王啤酒330ml*12听标品罐装啤酒整箱批发特价,已拼3.4万件,¥27.2
14337105766,呵护心脏莱特维健高浓缩辅酶Q10软胶囊90/200粒心血管中老年保健,已拼10万+件,¥96.0
1354853,康恩贝大豆异黄酮软胶囊30粒植物雌激素可搭调理月经内分泌更年期,已拼10万+件,¥19.5
298874809015,蒙牛新女士奶粉400g高钙高铁成年人大学生营养早餐冲饮,已拼8.8万件,¥23.0
345564893528,澳大利亚原装进口牛初乳长高个钙片儿童青少年骨骼补钙营养品,已拼1.3万件,¥132.0
353124882595,宁安堡青海黑枸杞原浆30ml/袋黑果枸杞饮料苟杞果汁裸袋无包装盒【10月5日发完】,已拼10万+件,¥6.7
334993450138,张裕旗舰正品樱甜红葡萄酒红酒赤霞珠750ml*2瓶装日常餐酒国产,已拼4.2万件,¥36.87
192276890126,金角老四川五香牛肉干456g重庆特产香辣零食小吃独立包装方便,总售10万+件,¥67.9
173434413410,【古井贡酒】年份原浆献礼版50度500ml*2瓶浓香型白酒送原厂礼袋,已拼2.9万件,¥185.0
247520180004,泓一奶香味白吐司500g切片面包早餐代餐三明治面包片糕点整箱批发,已拼4.6万件,¥9.21
246991222225,999胶原蛋白肽10支/盒口服液液态饮胶原蛋白果味饮小白瓶,总售4.4万件,¥75.8
411591931198,【足斤足两】俏苏阁大闸蟹全母螃蟹鲜活特大礼盒装阳澄湖畔巴城发,已拼5万件,¥115.0
252495037514,比比赞铁棍山药芝麻薄脆片1斤手工烤片休闲零食酥脆饼干整箱批发,已拼4.8万件,¥9.6
326991630318,【正品保税】日本原装獭祭清酒23 二割三分纯米大吟酿1800ml带盒,已拼216件,¥816.0
40296958894,参之源4-6年干参8-10支装 生晒全须参长白山人参煲汤泡酒东北特产,已拼10万+件,¥28.9
217368028178,千禾头道金标生抽1.8L*2瓶 特级生抽 酿造酱油 烹饪炒菜凉拌点蘸【10月7日发完】,总售10万+件,¥29.8
177414461192,乐事薯片工坊104g*2/4/7罐便宜小零食各式各样办公休闲追剧小零食,已拼2.8万件,¥15.6
388291272549,【酒厂直营】泸州老窖 老窖藏品 品之福52度680ml*6 白酒整箱送礼,已拼480件,¥149.0
41117591866,泓一华夫饼500g面包蛋糕鸡蛋饼早餐宿舍零食点心糕点食品整箱批发,已拼10万+件,¥11.87
413336236425,通化微气泡露酒 7度500ml*2瓶 山葡萄微气泡露酒 休闲小酒,已拼1304件,¥19.4
395103977790,【顺丰包邮】火晶柿子30软甜小柿子玲珑柿红柿蜜柿新鲜水果非脆柿,已拼2.7万件,¥25.0
320764725673,【送蘸料】双汇香嫩煎烤旺42g45g整箱即食油炸蒸煮烧烤淀粉香肠,已拼4.8万件,¥18.9
363315840847,康师傅方便面燃魂拌面8袋+煮锅整箱装煮面日晒面0油炸批发速食面,已拼6735件,¥38.5
682944676,UHA悠哈特浓牛奶糖果袋装喜糖批发草莓抹茶巧克力多口味任意选择,已拼5.7万件,¥7.4
169792956222,修正芦荟胶囊润肠通便清肠排宿便秘搭通便茶清肠便秘通非减肥*1瓶,已拼10万+件,¥18.5
405964270422,奥利奥夹心饼干58g巧克力味原味休闲办公室散装小包装零食小吃,已拼3285件,¥9.9
393561668625,贵州习酒窖藏1995尊享版酱香型53度白酒  500ml*1瓶装,已拼860件,¥396.0
406333035499,丽芝士纳宝帝多滋脆巧克力棒威化夹心饼干盒装网红零食小吃,已拼3433件,¥12.4
262724319981,8月产百事可乐经典原味500ml*12瓶碳酸饮料汽水清爽解渴整箱装,已拼2.7万件,¥29.4
212211497788,良品铺子小时刻零食大礼包1505g生日礼物女网红休闲小吃食品批发,总售10万+件,¥49.0
121142031205,小白心里软牛奶巧克力味酵母面包400g零食品学生营养早餐面包网红,已拼10万+件,¥15.3
121251343129,中粮福临门家香味 非转基因浓香压榨菜籽油4L食用油香味浓郁,总售2.9万件,¥71.9
376301512891,南国生椰拿铁150g袋装办公提神熬夜速溶学生椰奶咖啡浓缩咖啡粉,已拼2.5万件,¥12.6
348568334036,知味观绿豆糕100g杭州特产桂花糕绿豆饼传统糕点小吃零食解馋食品,已拼2.2万件,¥11.8
329065355147,米老头雪花煎卷鸡蛋卷夹心饼干散装多口味休闲零食品小吃的卷心酥,已拼1.2万件,¥8.1
219961940069,【假一赔十】山西汾酒53度红汾世家玖号500ml*1/2瓶清香高度白酒,已拼1609件,¥334.98
393417421172,江中西梅汁酵素饮膳食纤维植物果蔬益生菌元风味饮料官方旗舰店,已拼1万件,¥25.5
147166546,粒上皇开口熟栗120g*3/6包燕山板栗熟制栗子小包装坚果休闲零食#,已拼2.2万件,¥23.9
417006983405,【礼盒款】8-9月新希望牧场醇纯牛奶200ml*10整箱生牛乳奶送礼,已拼1401件,¥29.8
315750530128,蒙时代酱牛肉250g*3内蒙古酱牛肉熟食熟肉真牛肉熟食五香纯卤牛肉,已拼1.5万件,¥76.7
375833773984,多规格三只松鼠_袋装夏威夷果500g坚果小零食孕妇健康干果特产,已拼4388件,¥8.9
191254053548,良品铺子酥脆薄饼300gX2盒网红休闲零食早餐吃的饼干整箱小吃食品,总售10万+件,¥19.4
242507544155,泸州老窖奥普蓝概念版熊猫500ML*12罐装原浆精酿啤酒整箱批发特价,已拼4.9万件,¥49.8
373001694920,南京同仁堂梨膏糖纯手工薄荷胖大海润喉糖500g秋梨膏糖官方老牌子,已拼2.2万件,¥19.89
399531075925,五得利四星小麦粉25kg做包子馒头面条家用商用高筋大袋面粉50斤,已拼1121件,¥111.9
353359992462,田园主义荞麦方便面低脂全麦非油炸泡面即食免煮速食代餐粗粮主食,已拼10万+件,¥15.8
249408500499,绝艺全肉零食大礼包鸭脖零食网红休闲食品香辣卤味小吃批发一整箱,已拼10万+件,¥11.6
386148184044,五粮液股份五粮醇09第三代50度白酒纯粮食酒500ml*6瓶浓香型整箱,已拼2215件,¥240.0
177171,欧贝拉雪媚娘咸蛋黄酥12枚网红零食中秋礼盒送礼批发糕点早餐整箱,已拼10万+件,¥9.8
336658031672,【9月新日期】圣牧沙漠有机纯牛奶品醇200ml×12盒口感清甜整箱,已拼1.6万件,¥42.0
313422238084,SorLife原装进口还原型辅酶Q10心慌胸闷强化心脏供养心肌中老年人,已拼4897件,¥92.0
416887586137,【9月新日期】金龙鱼盘锦大米5KG/袋 东北大米十斤蟹田米蟹稻共生,已拼9562件,¥29.4
177033851063,【三只松鼠_手撕面包1000g】早餐面包整箱零食代餐休闲食品推荐_,已拼10万+件,¥19.8
254715655711,达利园好吃点香脆饼干零食小包装休闲食品小吃薄脆饼干整箱批发,已拼10万+件,¥13.5
410213379491,【御品一园】彩箱正宗爱媛38号果冻橙新鲜水果手剥新鲜4.8斤【15天内发货】,已拼5378件,¥26.9
69748273587,【三只松鼠坚果大礼包1808g】混合果仁坚果零食节日送礼礼包礼盒,已拼10万+件,¥64.9
406080756158,【礼盒装】花牛苹果脆甜甘肃天水苹果5/9斤红蛇果苹果新鲜水果,已拼4817件,¥26.9
226034420790,阿尔卑斯果然好嚼118g袋装奇异果百香果味儿童软糖果小吃聚会零食,已拼4.9万件,¥15.5
4852865576,南国牛奶高钙燕麦片880g即食早餐冲饮营养23小包谷物水果速溶麦片,已拼10万+件,¥18.5
348554564282,五里坊零添加特级原汁酱油家用炒菜凉拌提味增鲜无添加剂1.28L【10月7日发完】,已拼1万件,¥12.9
226034420790,阿尔卑斯果然好嚼118g袋装奇异果百香果味儿童软糖果小吃聚会零食,已拼4.9万件,¥15.5
348554564282,五里坊零添加特级原汁酱油家用炒菜凉拌提味增鲜无添加剂1.28L【10月7日发完】,已拼1万件,¥12.9
4852865576,南国牛奶高钙燕麦片880g即食早餐冲饮营养23小包谷物水果速溶麦片,已拼10万+件,¥18.5
406080756158,【礼盒装】花牛苹果脆甜甘肃天水苹果5/9斤红蛇果苹果新鲜水果,已拼4817件,¥26.9
113539038102,杞里香5A级正宗枸杞黑枸杞子胎菊组合100g/290g特级大粒花茶养生,已拼9.1万件,¥12.8
218469404260,【3人团】艺福堂大麦茶300g浓香型60小包袋泡可搭苦荞茶吸油茶礼,已拼3.1万件,¥6.8
6610823483,港荣蒸蛋糕奶香味580g整箱营养早餐食品糕点心小面包网红休闲零食,已拼10万+件,¥22.3
261261953097,五谷磨房谷物能量集锦黑金礼盒8条营养谷物便携袋装新品,已拼9万件,¥12.0
209552804298,同仁堂玉米须桑叶茶150g青钱柳叶山楂苦荞茶决明子老年常备养生茶,已拼10万+件,¥12.5
382962436822,修正多种B族维生素片60片成人VB复合维生素b b1b2b6b12叶酸牛磺酸,已拼3.4万件,¥19.9
315396116,正宗上海酱鸭熟食百味鸭500g*2袋卤鸭烤鸭卤味酱板鸭卤鸭美食小吃,已拼10万+件,¥36.9
9.9
101607031019,白酒杜康控股有限公司杜康老字号白酒蓝波52/42度480ml纯粮白酒,已拼1596件,¥195.2
244026379413,蒙牛高蛋白脱脂高钙奶粉850g罐装成年学生女士健身中老年礼盒装奶,已拼5.7万件,¥56.8
8503467470,回头客超值小铜锣烧30包组合装蛋糕红豆味儿童零食早餐面包大礼包,已拼4.2万件,¥6.8
330659225969,【官方授权】香满园富强小麦粉2.5公斤装家庭必备包子馒头饺子粉【10月7日发完】,已拼4.5万件,¥14.6
997953234,南国海南特产饼干椰香薄饼80g*2盒椰子薄脆饼干儿童休闲饱腹零食,已拼10万+件,¥9.7
194589094300,良品铺子枣夹核桃1000g整箱网红零食坚果新疆红枣子云南核桃干果,已拼4.7万件,¥49.8
285583371057,999褪黑素维生素B6片60片改善睡眠安眠改善睡眠男女成人助眠睡眠,已拼7万件,¥19.5
41886346710,雅客棒棒糖罐装网红水果味COCO棒棒糖108支少女儿童零食糖果批发,已拼1.4万件,¥24.9
367069057776,修正酵素饮水果果蔬嗨吃孝素原液非梅果冻清肠排益生菌粉宿便毒,已拼1.2万件,¥9.9
415570910831,【4人团】太粮御泰坊茉莉香米5kg香稻籼米10斤优质细腻软香家用米,已拼1.5万件,¥21.9
405528386931,洋河白酒 梦之蓝M6礼盒45度500ml*2瓶礼盒装正品浓香送礼特价白酒,已拼41件,¥1059.0
176970411803,三只松鼠雪芙蕾蛋糕1050g 营养早餐夹心面包巧克力糕点零食推荐_,总售10万+件,¥24.9
.549011565925,呵护心脏莱特维健高浓缩辅酶Q10胶囊中老年心脑血管保健200粒*2瓶,已拼3.9万件,¥276.0
268308470684,【特大果王】云南突尼斯软籽甜石榴4个5斤起孕妇新鲜应季水果石榴,已拼2.4万件,¥23.9
321370260822,君乐宝成人奶粉乐钙高纤800g学生成人中老年牛奶粉膳食纤维,已拼4670件,¥47.6
245216872335,百草味海苔肉松蛋卷100g*1/2/4网红小零食紫菜寿司夹心海苔碎拌饭,已拼2.2万件,¥22.8
48561362152,酒鬼原浆酒52度500ml 湖南馥郁香白酒 正品保证,已拼2.1万件,¥196.8
313084899599,乐事薯片火锅系列限定薯片75g*2/4/8袋牛油锅番茄涮肉小吃零食,总售3.8万件,¥11.27
222926963626,樱木町咖啡豆125g袋装即食糖果苦浓黑咖啡糖犯困上课良品提神醒脑,已拼5万件,¥8.7
257945472943,【粉糯香甜】澳农卡 芋头新鲜芋头山东毛芋头小香芋芋艿软糯2/5斤,已拼3.4万件,¥10.9
197142889170,古越龙山正品陈年桂花酒500ml*6瓶装 男女士低度果酒柔和花香甜酒,已拼1972件,¥70.56
94387653614,【正品行货带盒代码】 轩尼诗VSOP法国进口 干邑白兰地 700ml洋酒,已拼810件,¥429.0
378149744353,自嗨锅方盒自热小火锅学生党户外自加热速食寝室懒人方便速热火锅,已拼1.3万件,¥16.9
375788567740,剑南春 东方红1949 52度500ml*1瓶装纯粮正宗浓香型白酒特价批发,已拼91件,¥945.0
131772645161,乐力益生菌无糖进口活菌20条/盒成人儿童孕妇肠胃道非益生元调理,已拼7.6万件,¥34.8
3790324,稻香村拿破仑280g早餐奶油好吃的面包千层酥蛋糕糕点多种零食组合,已拼10万+件,¥14.5
220374829346,福茗源茶化石 十年陈香碎银子普洱茶叶糯米香熟茶云南勐海400g,已拼10万+件,¥43.0
350113226618,北京同仁堂蛋白粉乳清蛋白质粉500g/桶成人中老年高钙营养品,已拼10万+件,¥56.8
7325374701,六个核桃低糖精品型核桃乳240ml*24罐整箱植物蛋白饮料,已拼7.4万件,¥74.9
349915555811,江中蓝莓叶黄素酯维咀嚼片60片c学生成人非眼睛干涩近视护眼软糖,已拼6.6万件,¥14.9
398025999156,北京同仁堂猴头菇粉养胃护胃代餐食品懒人早餐营养粥米糊五谷杂粮,已拼2.1万件,¥28.4
240879701474,阿尔卑斯双享棒棒棒糖牛奶糖混合口味儿童糖果零食批发儿童节糖果,已拼1.4万件,¥19.9
370779477747,百草味国庆零食大礼包巨型网红爆款休闲坚果果干肉脯组合批发团购,已拼3360件,¥35.53
257413833496,百草味牛乳嫩吐司500g牛奶吐司营养早餐新鲜代餐面包整箱蛋糕零食,已拼10万+件,¥16.8
100597404829,格力高百醇注心饼干棒48g*7盒巧克力味抹茶味夹心饼干棒休闲零食,已拼10万+件,¥28.9
239221201682,养元六个核桃智汇健240ml*12罐整箱无糖型植物蛋白核桃乳礼盒装,已拼2万件,¥39.9
290442605570,白象大辣椒火鸡面大辣娇奶油麻辣小龙虾宿舍方便混搭夜宵速食泡面,已拼1.5万件,¥34.9
281285070882,修正多维牛磺酸60片vc维c维生素c复合维生素b族维生素b1b2b6片,已拼3万件,¥9.8
246873355496,10斤装中粮福临门珍珠香米5kg香软弹滑口味纯正新米粥米,已拼4.7万件,¥30.9
件,¥11.9
323177739776,北京同仁堂蓝莓叶黄素100片可搭儿童中老年眼睛视力干涩营养护眼,已拼3.4万件,¥23.9
8741299912,大白兔奶糖瓶装原味牛奶奶糖玻璃奶瓶 儿童礼物258g,已拼3万件,¥14.6
68191048258,A'ra进口护肝片转氨酶奶蓟草解酒醒酒养肝肝火旺熬夜正品120粒,已拼10万+件,¥78.0
1549222581,醉然香金骏眉红茶蜜香型茶叶浓香散装桐木关金俊眉罐装360g礼盒装,已拼3.8万件,¥95.0
412000777980,贵州习酒 窖藏1988 53度酱香型白酒 500ml*6瓶礼盒装 整箱发货,已拼603件,¥3160.0
392120005457,金龙鱼精炼一级大豆油10L*2桶 家用食用油 大桶装家用炒菜 转基因,已拼7773件,¥244.5
198933550368,足2斤【百草味-手撕面包1kg*1/2】小麦蛋糕早餐营养零食整箱囤货,已拼10万+件,¥19.8
400822523136,【旗舰店】满小饱肥汁米线拉面组合5包和1盒午餐肉港式肥汁米线,已拼4325件,¥64.9
277799530161,【8月产】认养一头牛全脂纯牛奶200ml*10盒*1箱牛奶整箱批发,已拼3.4万件,¥35.9
112263112816,杞里香4A大果无沙黑桑葚干500g/250g长果桑椹子膏手工泡酒泡水,已拼8.7万件,¥16.6
45228181156,江中初元人参蛋白营养粉中老年人蛋白粉补品营养品送父母长辈送礼,已拼5902件,¥50.5
198488156264,【3袋装】良品铺子芒果干108g网红零食蜜饯果干果脯混合装小吃,已拼10万+件,¥20.8
125494883215,杞里香岷县黄芪5年500g/250g半斤黄芪泡水搭配当归党参枸杞血气,已拼10万+件,¥16.8
334247840845,SorLife原装进口DHEA可搭大豆异黄酮雌激素调理月经量少卵巢保养,已拼7413件,¥84.0
400709373494,米兰国际时装周纪念酒艺术舍得米兰52度500ml浓香型白酒正品保证,已拼319件,¥355.0
276010797492,旺仔QQ糖18g*30包混合味休闲小零食品软糖儿童橡皮果汁糖果休闲,已拼8723件,¥17.9
318480095071,千丝半熟小芝士蛋糕390g早餐手撕面包代餐饱腹点心休闲零食品小吃,已拼4474件,¥8.07
395453713713,家乐五鲜鸡精400g+130g鸡粉共530g套装 调味料太炒菜太煲汤正宗乐,已拼770件,¥17.4
243331525072,A'ra进口纳豆激酶胶囊60粒强力溶栓血液粘稠血脂中老年护心脑血管,已拼8.1万件,¥83.0
128051270788,康恩贝鳕鱼肝油软胶囊30粒dha儿童补钙深海鳕鱼鱼油增强免疫力,总售10万+件,¥16.5
21280312799,【2袋】蒙牛高钙高锌学生奶粉400gX2袋装 青少年儿童成长牛奶粉,已拼3万件,¥46.0
232430522449,葵花药业B族维生素片60片多种v复合b维b b1 b2 b6 b12男女性熬夜,已拼10万+件,¥10.4
202987829014,粒上皇小米脆脆150g*2/4袋小米锅巴孜然味办公室零食膨化小吃#,已拼5.7万件,¥9.9
153036874690,天喔茶庄蜂蜜柚子茶420g(35g*12袋) 年货送礼礼盒热饮冲泡水果茶,已拼2.9万件,¥14.5
116743621825,芝洛洛缤纷水果系列肉松小贝35g*4枚/盒早餐食品蛋糕手工现做零食,已拼3.7万件,¥12.6
53942595247,上海冠生园蜂蜜新品2kg百花洋槐蜜正品灌装蜂蜜4斤灌装蜜中秋礼物,已拼7.9万件,¥55.8
282423206278,大白兔116g罐装混合口味糖果上海冠生园节日礼盒批发过年货礼物,已拼7.1万件,¥11.4
65661337472,杞里香3A级宁夏头茬枸杞子500g/250g特级枸杞干苟杞泡水正宗批发,已拼10万+件,¥18.9
402119622220,香溢五洲贵州茅台酒香溢五洲53度500ml蒂芙尼蓝,已拼63件,¥3370.0
290092859995,阿尔帝南极虾鳞酱大连特产虾酱正宗海鲜酱拌饭酱拌面酱下饭菜即食,已拼4.4万件,¥8.9
276256793783,【国庆礼盒】伊利欣活中老年奶粉900g*2送长辈高档礼品高钙牛奶粉,已拼10万+件,¥137.6
190031457136,百草味-一起抱富零食大礼包近3斤/12袋装网红休闲食品送女友中秋,已拼9.5万件,¥49.9
271563492063,比比赞送礼礼盒海苔乳酪肉松吐司面包290g早餐食品蛋糕点零食整箱,已拼4.2万件,¥7.8
317045469472,金龙鱼浓香花生油4.5L/桶物理压榨一级家用炒菜食用植物油,已拼1万件,¥84.5
234661806615,嘉华海盐芝士玫瑰酥120g鲜花饼玫瑰酥礼盒云南零食烘焙糕点,已拼8.2万件,¥19.2
363778072200,BUFFX复合多种维生素片60粒维生素cvb族男士营养水果口味甜橙子味,已拼10万+件,¥27.8
382879960013,【7月】蒙牛低脂高钙牛奶250ml×16盒营养早餐奶整箱批发官方正品,已拼5.5万件,¥41.5
315004309048,格力高小动物百奇夹心饼干35g*3盒手指饼干巧克力涂层小包装零食,已拼1万件,¥14.9
296075446397,立顿哆啦A梦奶茶香浓原味港式鸳鸯十年经典3盒4盒装多口味混合装【10月4日发完】,已拼2万件,¥21.2
271563492063,比比赞送礼礼盒海苔乳酪肉松吐司面包290g早餐食品蛋糕点零食整箱,已拼4.2万件,¥7.8
309961715670,贵州习酒窖藏1988  53度500ml*2瓶酱香白酒(新老包装随机发货),已拼1.2万件,¥1056.0
290092859995,阿尔帝南极虾鳞酱大连特产虾酱正宗海鲜酱拌饭酱拌面酱下饭菜即食,已拼4.4万件,¥8.9
362110441110,同仁堂菊花枸杞金银花茶养肝护肝茶牛蒡根桂花决明子茶熬夜养生茶,已拼10万+件,¥20.3
234661806615,嘉华海盐芝士玫瑰酥120g鲜花饼玫瑰酥礼盒云南零食烘焙糕点,已拼8.2万件,¥19.2
317045469472,金龙鱼浓香花生油4.5L/桶物理压榨一级家用炒菜食用植物油,已拼1万件,¥84.5
296075446397,立顿哆啦A梦奶茶香浓原味港式鸳鸯十年经典3盒4盒装多口味混合装【10月4日发完】,已拼2万件,¥21.2
276256793783,【国庆礼盒】伊利欣活中老年奶粉900g*2送长辈高档礼品高钙牛奶粉,已拼10万+件,¥137.6
413711508156,【保税直发】小林制药 瞬间爽息爆珠糖 30粒/盒 清新丸口香珠便携,已拼2824件,¥12.25
382879960013,【7月】蒙牛低脂高钙牛奶250ml×16盒营养早餐奶整箱批发官方正品,已拼5.5万件,¥41.5
405166259553,乐之威化饼干七层厚切海盐芝士味77g*2盒休闲小零食独立小包装,已拼4050件,¥41.9
315004309048,格力高小动物百奇夹心饼干35g*3盒手指饼干巧克力涂层小包装零食,已拼1万件,¥14.9
287132871490,四川剑南春普剑水晶剑52度500ml浓香型纯粮食礼品盒正品白酒高度,已拼9564件,¥404.9
363778072200,BUFFX复合多种维生素片60粒维生素cvb族男士营养水果口味甜橙子味,已拼10万+件,¥27.8
136613759354,生和堂龟苓膏202克X3杯低卡低脂0脂肪零食低卡零食解馋小零食,已拼10万+件,¥9.8
362110441110,同仁堂菊花枸杞金银花茶养肝护肝茶牛蒡根桂花决明子茶熬夜养生茶,已拼10万+件,¥20.3
280963102715,固本堂铁棍山药粉520g中秋官方旗舰店淮怀山药粉河南焦作即食冲饮,已拼7935件,¥78.0
9549976,美庐中老年益生元牛奶粉800g罐装高钙富硒不添加蔗糖进口奶源,已拼10万+件,¥38.0
336626980764,五得利六星超精小麦粉25kg多用途面粉 拉面小笼包馒头通用粉,已拼1.5万件,¥116.9
339279504492,【鲜嫩免洗】大连裙带菜干货儿童富含钙铁锌低脂海藻海带汤特级,已拼10万+件,¥6.5
149002167443,雪天未加碘食用盐家用未加碘盐食盐批发整箱400g*10包整箱包邮,已拼10万+件,¥12.5
307354910689,1L飞天茅台酒53度公斤茅台酱香型贵州茅台正品保障假一罚十,已拼4694件,¥5099.0
106013580355,华味亨 原味腰果250g 大颗粒袋装原味腰果仁越南特产坚果零食坚果,已拼1.7万件,¥21.29
238495471038,乐事奇多妙脆角40g*3/6/9袋办公休闲小吃网红童年零食大礼包便宜,已拼1.6万件,¥9.4
222777935148,知味观桃花酥160g杭州特产零食小吃休闲食品订婚传统糕点心伴手礼,已拼6.6万件,¥14.7
90935587092,纳豆激酶莱特维健纳豆红曲胶囊4000FU60粒即食中老年心脑血管保健,已拼10万+件,¥100.7
255713079600,欧贝拉泡芙戚风蛋糕290g整箱早餐爆浆夹心酸奶面包甜点心网红零食,已拼10万+件,¥7.9
49931820619,佳莱福钙片中老年人300粒成人补液体钙维生素d可搭抽筋腰腿疼产品,已拼10万+件,¥28.0
152075697943,杞里香3A级桑葚果250g桑葚果桑葚干非特级黑桑椹干精选桑葚干泡水,已拼6.1万件,¥13.6
220641748064,贵州茅台酒庚子鼠年生肖纪念酱香型白酒正品53度 375ml*2 礼盒装,已拼77件,¥5235.0
8.254769495518,葵花牌葵花护肝胶囊60粒/瓶参葛根片胶囊熬夜保健肝呵护,已拼9240件,¥38.9
362978491172,北京同仁堂羽衣甘蓝粉果蔬粉膳食纤维冲饮蔬菜粉便携代餐粉轻食,已拼2.4万件,¥19.5
8645160549,莱特维健大豆异黄酮软胶囊植物雌激素调理月经内分泌更年期100粒,已拼10万+件,¥74.1
355000949476,百草味缤纷水果干礼892g/9袋芒果干蜜饯零食大礼包礼盒送礼混合装,已拼6.1万件,¥45.0
117816615751,【旗舰正品】黄金搭档钙铁锌口服液补儿童葡萄糖酸锌钙口溶液,总售10万+件,¥19.9
413285038831,宁安堡沙棘原浆30ml纯原浆果内蒙鲜果榨汁原汁味饮料果汁裸袋无盒【10月6日发完】,已拼1万件,¥8.5
199743969499,陈李济咽喉糖28.8g/16粒薄荷糖含片清新口气润喉糖糖果硬糖零食,已拼10万+件,¥6.8
409003896739,太粮 鸣象丝苗米5kg长粒香米10斤油粘米袋装大米优质籼米,已拼1万件,¥28.7
126479478289,【古井贡酒】 经典 50度 500ml*2瓶 浓香型白酒送精美手提袋,已拼2万件,¥89.0
92329535808,格力高百醇犒赏装126g*1盒-3盒量贩装抹茶味草莓味饼干棒休闲零食,已拼10万+件,¥15.7
122306199838,安琪酵母5克低糖型多规格可选包子馒头发酵粉酵母粉,已拼1.5万件,¥3.24
210927565713,良品铺子岩烧乳酪吐司500g早餐面包蛋糕食品代餐整箱批发网红零食,总售10万+件,¥19.9
207681261079,青岛啤酒大白鲨啤酒9度330ml*24罐/箱,已拼4.4万件,¥39.9
309888288870,吉香居暴下饭酱菌菇鸡丁酱200g瓶装下饭菜辣椒酱脆丁牛肉酱拌面酱,已拼1.1万件,¥19.79
124882904905,张宝山正宗山药粉条手工铁棍山药粉条1-6斤袋装山药粉条红薯粉条,已拼10万+件,¥39.0
334936241817,北京同仁堂氨糖软骨素钙片30粒/瓶中老年成人补钙维生素B骨质疏松,已拼8.3万件,¥12.5
272663761778,吉普号蜜桃小乌龙茶果茶白桃果茶水果茶冷泡茶叶欧盟有机认证茶园,已拼1.3万件,¥19.9
343615399077,北大荒正宗软香东北大米长粒香5斤 10斤批发农家自产香米,已拼3万件,¥15.2
266945222617,欧贝拉【温州特产】鸭舌16包零食鸭舌头酱鸭舌休闲食品小包装批发,已拼10万+件,¥14.6
263106441152,喜之郎果味果冻90克*14袋装零食结婚满月生日伴手礼整箱批发经典,已拼10万+件,¥13.5
86151549748,斯旺森 16种活性益生菌胶囊 60粒 肠胃调节便秘腹泻胀气 原装进口,已拼7.7万件,¥59.0
332071722659,同仁堂祛湿茶红豆薏米茶150g油切大肚子养生茶非去湿气祛湿芡实茶,已拼6.1万件,¥17.8
170019198744,中粮山萃百花蜂蜜1000g纯正天然结晶真蜂蜜柠檬百香果茶无添加,总售10万+件,¥26.3
222069107554,【3人团】九阳豆浆原味豆浆27g*28包早餐豆奶植物蛋白奶低甜豆浆,已拼8785件,¥16.9
281321462178,固本堂阿胶糕800G即食阿胶固元糕礼盒中秋送礼送老人礼品走亲戚,已拼1万件,¥88.9
402842329141,【新果】花牛苹果甘肃天水新鲜水果粉面刮泥蛇果黑苹果净重4.5斤,已拼4007件,¥18.8
269394735848,【北农百汇】山东沾化冬枣脆枣新鲜现摘冬枣3/5斤青枣鲜枣子批发,已拼2.5万件,¥17.6

194964192351,十月稻田黄小米2斤5斤10斤真空21年新米煮粥米油多五谷杂粮小黄米,已拼10万+件,¥14.9
335385129712,GNC健安喜男士复合维生素90粒维生素B番茄红素草本精华成人钙锌硒,已拼5341件,¥79.0
304159502038,西麦吾皇万睡联名特浓牛奶588g即食独立包装膳食纤维冲泡便捷40g,已拼4.1万件,¥20.9
321173400565,北京同仁堂猴头菇沙棘丁香茶150g调理肠胃暖脾胃胀气口气臭养生茶,已拼10万+件,¥19.8
294174955,五粮液股份公司五粮液一尊天下52度浓香型白酒整箱礼盒装礼品酒水,已拼10万+件,¥105.8
139237335937,沈万三苏州豆腐干90g豆干香干豆腐豆制品素食冷菜即食,已拼10万+件,¥3.78
191811509090,进口嘉云糖德国300g水果硬糖瓶装高颜值混合糖果儿童大瓶网红零食,已拼6913件,¥57.0
109461106314,张裕正品特制优选级赤霞珠窖藏干红葡萄酒红酒整箱6支750ml中秋礼,已拼5.4万件,¥217.9
121482516382,蔡林记武汉热干面正宗湖北特产碱水面挂面拌面独立包装150g*8包,已拼10万+件,¥31.47
358261042467,新西兰进口蒙牛纽西能高钙800g学生成人中老年营养奶粉国庆送礼盒,已拼2619件,¥76.0
413373629212,古法蒸制】北京同仁堂玉灵膏正品300g女性补品古法原料蒸制滋补膏,已拼6.4万件,¥32.39
159342484676,王饱饱水果酸奶麦片210g多口味代餐酸奶果粒即食水果高纤早餐营养,总售5.3万件,¥19.9
286608373344,乐家老铺菊花决明子茶30袋养肝金银花枸杞清热去火护肝养生茶包,已拼10万+件,¥16.3
263954949636,樱木良品苏打芝士饼干192g全素食咸蛋黄健身饱腹办公早餐独立包装,已拼10万+件,¥10.8
285911025688,洋河蓝色经典 梦之蓝 M3棉柔浓香型白酒52度500ML*2瓶装,已拼9件,¥966.0
87254956179,新希望云南大理高原牧场 特浓纯牛奶250ml*16盒整箱醇香口感,已拼2.4万件,¥43.9
329024391490,冠生园蜂蜜350g正品旅行装特产携带方便尖嘴小瓶装灌装中秋礼物,已拼6.3万件,¥12.2
304463541927,白象香辣牛油/藤椒毛血旺自热火锅懒人自助锅混合口味整箱,已拼2.5万件,¥28.7
3414850878,康恩贝氨糖软骨素钙片60粒中老年补钙增加骨密度质疏松腰腿疼抽筋,已拼10万+件,¥32.5
379487649611,【法国AOC法定产区】进口精选法国红酒15度干红葡萄酒整箱6支装,已拼1027件,¥288.0
270392949763,杞里香精选正宗龙山产百合干200g百合花干白合干货银耳莲子羹食材,已拼1万件,¥14.9
227987476400,blink冰力克德国进口口香糖15g*2盒无糖薄荷糖清新口气冰凉接吻糖,已拼10万+件,¥15.4
277625917848,轻食兽巧克力蛋白棒9根/盒乳清能蛋白粉威化饼西式糕点0添加蔗糖,已拼10万+件,¥19.2
316505691168,【4人团】郎酒青花郎53度酱香型白酒500ml*1瓶(新老包装随机),已拼1065件,¥899.0
352370734167,北京同仁堂菊苣茯苓栀子茶葛根甘草桑叶茶中老年人养生茶正品150g,已拼10万+件,¥19.8
207779441311,英国VitPlus女士综合营养条胶原蛋白复合维生素Vc胶囊30条/120粒,已拼1.8万件,¥123.9
3937193040,康恩贝钙铁锌咀嚼片60片可搭儿童长增提高产品青少年学生补钙,已拼10万+件,¥17.9
352414948057,小猪佩奇棒棒饼干蔬菜味288g手指饼牛奶蔬菜番茄味儿童休闲饼干,已拼1.1万件,¥10.9
369540822698,安井火锅食材组合免洗麻辣烫即食关东煮鱼籽福袋虾滑批发速食菜,已拼1万件,¥84.0
189756306052,杞里香特级枸杞子500g/50g正宗新货宁夏罐装红枸杞大粒苟杞3A4A,已拼10万+件,¥19.4
413678442443,【十月稻田】 长粒王香米20斤正宗长粒东北米实惠装包邮长粒王,已拼6366件,¥64.58
310456165350,北京同仁堂玉米须桑叶茶150g血压糖脂蒲公英牛蒡根中老年人养生茶,总售10万+件,¥19.7
296053737104,贵州茅台酒草帽茅台酒巴拿马金奖纪念酒收藏佳品,已拼22件,¥4849.0
327218220593,官栈鲜炖花胶鲜奶炖即食鱼胶6瓶*90g女性滋补孕妇营养品,已拼201件,¥417.0
311702211056,金帝牛奶黑巧果仁夹心巧克力192g纯可可大排块年代觉醒盒装网红糖,已拼8580件,¥19.8
63851093044,佳莱福钙铁锌牛初乳蛋白质粉1kg可搭长高儿童奶粉学生补钙营养品,已拼10万+件,¥50.9
286157815597,【良品铺子-梅五韵欢乐桶450g】网红梅子零食大礼包蜜饯果干果脯,总售3.6万件,¥46.9
152075697943,杞里香3A级桑葚果250g桑葚果桑葚干非特级黑桑椹干精选桑葚干泡水,已拼6.1万件,¥13.6
376902226624,江中梨膏糖200g盒胖大海罗汉果清润方糖薄荷糖儿童糖果无添加正宗,已拼2万件,¥16.9
360449165736,宁安堡宁夏特级枸杞子500g免洗小袋装中宁红苟杞新货大粒批发250g【10月6日发完】,已拼2万件,¥19.3
222777935148,知味观桃花酥160g杭州特产零食小吃休闲食品订婚传统糕点心伴手礼,已拼6.6万件,¥14.7
255713079600,欧贝拉泡芙戚风蛋糕290g整箱早餐爆浆夹心酸奶面包甜点心网红零食,已拼10万+件,¥7.9
413359433469,十月稻田五色糙米5斤红米黑米糙米燕燕麦麦仁低脂五谷杂粮米1斤起,已拼1万件,¥8.9
254769495518,葵花牌葵花护肝胶囊60粒/瓶参葛根片胶囊熬夜保健肝呵护,已拼9240件,¥38.9
49931820619,佳莱福钙片中老年人300粒成人补液体钙维生素d可搭抽筋腰腿疼产品,已拼10万+件,¥28.0
90935587092,纳豆激酶莱特维健纳豆红曲胶囊4000FU60粒即食中老年心脑血管保健,已拼10万+件,¥100.7
285911025688,洋河蓝色经典 梦之蓝 M3棉柔浓香型白酒52度500ML*2瓶装,已拼9件,¥966.0
355000949476,百草味缤纷水果干礼892g/9袋芒果干蜜饯零食大礼包礼盒送礼混合装,已拼6.1万件,¥45.0
69789576231,中粮福临门花生油3.5L食用油浓香压榨一级炒菜山东花生批发家用,已拼3.5万件,¥67.5
362978491172,北京同仁堂羽衣甘蓝粉果蔬粉膳食纤维冲饮蔬菜粉便携代餐粉轻食,已拼2.4万件,¥19.5
385290220531,北京同仁堂伏湿膏搭祛湿去除体内湿气重脾胃虚薏仁茯苓薏湿糕180g,已拼1.2万件,¥16.4
199743969499,陈李济咽喉糖28.8g/16粒薄荷糖含片清新口气润喉糖糖果硬糖零食,已拼10万+件,¥6.8
192903425118,玛呖德岩烧乳酪棒500g营养早餐夹心面包蛋糕休闲零食整箱,已拼5.8万件,¥16.8
8645160549,莱特维健大豆异黄酮软胶囊植物雌激素调理月经内分泌更年期100粒,已拼10万+件,¥74.1
413285038831,宁安堡沙棘原浆30ml纯原浆果内蒙鲜果榨汁原汁味饮料果汁裸袋无盒【10月6日发完】,已拼1万件,¥8.5
117816615751,【旗舰正品】黄金搭档钙铁锌口服液补儿童葡萄糖酸锌钙口溶液,总售10万+件,¥19.9
92329535808,格力高百醇犒赏装126g*1盒-3盒量贩装抹茶味草莓味饼干棒休闲零食,已拼10万+件,¥15.7
359190342535,北京同仁堂正宗化橘红果108g陈年化州橘红茶桔红胎芯果切片八仙果,已拼1.7万件,¥31.9
316505691168,【4人团】郎酒青花郎53度酱香型白酒500ml*1瓶(新老包装随机),已拼1066件,¥899.0
122306199838,安琪酵母5克低糖型多规格可选包子馒头发酵粉酵母粉,已拼1.5万件,¥3.24
409003896739,太粮 鸣象丝苗米5kg长粒香米10斤油粘米袋装大米优质籼米,已拼1万件,¥28.7
161737541634,中华老字号百花天然蜂蜜700g天然峰蜜玻璃瓶装Meaini系列,已拼10万+件,¥26.9
207681261079,青岛啤酒大白鲨啤酒9度330ml*24罐/箱,已拼4.4万件,¥39.9
334936241817,北京同仁堂氨糖软骨素钙片30粒/瓶中老年成人补钙维生素B骨质疏松,已拼8.3万件,¥12.5
124882904905,张宝山正宗山药粉条手工铁棍山药粉条1-6斤袋装山药粉条红薯粉条,已拼10万+件,¥39.0
309888288870,吉香居暴下饭酱菌菇鸡丁酱200g瓶装下饭菜辣椒酱脆丁牛肉酱拌面酱,已拼1.1万件,¥19.79
210927565713,良品铺子岩烧乳酪吐司500g早餐面包蛋糕食品代餐整箱批发网红零食,总售10万+件,¥19.9
343615399077,北大荒正宗软香东北大米长粒香5斤 10斤批发农家自产香米,已拼3万件,¥15.2
156752052187,杞里香山东原产阿胶糕500g 固元糕即食阿胶膏正品女士红枣枸杞,已拼7491件,¥29.9
22594433079,蒙牛铂金装学生奶粉800g罐装 高钙高锌青少年男女儿童成长牛奶粉,已拼5.1万件,¥57.0
266945222617,欧贝拉【温州特产】鸭舌16包零食鸭舌头酱鸭舌休闲食品小包装批发,已拼10万+件,¥14.6
296053737104,贵州茅台酒草帽茅台酒巴拿马金奖纪念酒收藏佳品,已拼22件,¥4849.0
拼7.7万件,¥59.272663761778,吉普号蜜桃小乌龙茶果茶白桃果茶水果茶冷泡茶叶欧盟有机认证茶园,已拼1.3万件,¥19.9
332071722659,同仁堂祛湿茶红豆薏米茶150g油切大肚子养生茶非去湿气祛湿芡实茶,已拼6.1万件,¥17.8
325566190794,方家铺子六星特优级大果枸杞子独立包装宁夏特产五星特级枸杞泡水,已拼892件,¥14.92
281321462178,固本堂阿胶糕800G即食阿胶固元糕礼盒中秋送礼送老人礼品走亲戚,已拼1万件,¥88.9
263106441152,喜之郎果味果冻90克*14袋装零食结婚满月生日伴手礼整箱批发经典,已拼10万+件,¥13.5
170019198744,中粮山萃百花蜂蜜1000g纯正天然结晶真蜂蜜柠檬百香果茶无添加,总售10万+件,¥26.3
269394735848,【北农百汇】山东沾化冬枣脆枣新鲜现摘冬枣3/5斤青枣鲜枣子批发,已拼2.5万件,¥17.6
139237335937,沈万三苏州豆腐干90g豆干香干豆腐豆制品素食冷菜即食,已拼10万+件,¥3.78
194964192351,十月稻田黄小米2斤5斤10斤真空21年新米煮粥米油多五谷杂粮小黄米,已拼10万+件,¥14.9
321173400565,北京同仁堂猴头菇沙棘丁香茶150g调理肠胃暖脾胃胀气口气臭养生茶,已拼10万+件,¥19.8
198426525557,扳倒井白酒 53度典藏陈坛1500ml*2 坛 浓香型白酒 正宗纯粮酒,已拼1.3万件,¥98.0
335385129712,GNC健安喜男士复合维生素90粒维生素B番茄红素草本精华成人钙锌硒,已拼5341件,¥79.0
109461106314,张裕正品特制优选级赤霞珠窖藏干红葡萄酒红酒整箱6支750ml中秋礼,已拼5.4万件,¥217.9
121482516382,蔡林记武汉热干面正宗湖北特产碱水面挂面拌面独立包装150g*8包,已拼10万+件,¥31.47
326002483433,雨润速食菜加热即享10种口味10袋1800g冷链盖浇饭方便浇头微波炉,已拼3447件,¥59.0
304159502038,西麦吾皇万睡联名特浓牛奶588g即食独立包装膳食纤维冲泡便捷40g,已拼4.1万件,¥20.9
358261042467,新西兰进口蒙牛纽西能高钙800g学生成人中老年营养奶粉国庆送礼盒,已拼2619件,¥76.0
378705461530,五粮液 金装 52度500ml*1瓶装纯粮正宗浓香白酒正品特价收藏送礼,已拼118件,¥1044.8
286608373344,乐家老铺菊花决明子茶30袋养肝金银花枸杞清热去火护肝养生茶包,已拼10万+件,¥16.3
413373629212,古法蒸制】北京同仁堂玉灵膏正品300g女性补品古法原料蒸制滋补膏,已拼6.4万件,¥32.39
191811509090,进口嘉云糖德国300g水果硬糖瓶装高颜值混合糖果儿童大瓶网红零食,已拼6913件,¥57.0
159342484676,王饱饱水果酸奶麦片210g多口味代餐酸奶果粒即食水果高纤早餐营养,总售5.3万263954949636,樱木良品苏打芝士饼干192g全素食咸蛋黄健身饱腹办公早餐独立包装,已拼10万+件,¥10.8
304463541927,白象香辣牛油/藤椒毛血旺自热火锅懒人自助锅混合口味整箱,已拼2.5万件,¥28.7
329024391490,冠生园蜂蜜350g正品旅行装特产携带方便尖嘴小瓶装灌装中秋礼物,已拼6.3万件,¥12.2
415424750573,贵州茅台酒 53度茅台十五年 15年陈酿年份酒 500ml单瓶礼盒装,已拼36件,¥6240.0
378626454357,黄金搭档儿童多种复合维生素矿物质60片学生维生素ABDE钙铁锌硒,已拼10万+件,¥24.4
379487649611,【法国AOC法定产区】进口精选法国红酒15度干红葡萄酒整箱6支装,已拼1027件,¥288.0
270392949763,杞里香精选正宗龙山产百合干200g百合花干白合干货银耳莲子羹食材,已拼1万件,¥14.9
3414850878,康恩贝氨糖软骨素钙片60粒中老年补钙增加骨密度质疏松腰腿疼抽筋,已拼10万+件,¥32.5
305410672028,狮峰牌雨前龙井茶叶浓香耐泡独立小包装40包伴手礼2022年新茶上市,已拼2.1万件,¥35.0
339200446315,杞里香青海黑枸杞子40g闪泡杯组合非野生养生茶枸杞拉丝三角盒装,已拼6614件,¥26.8
207779441311,英国VitPlus女士综合营养条胶原蛋白复合维生素Vc胶囊30条/120粒,已拼1.8万件,¥123.9
277625917848,轻食兽巧克力蛋白棒9根/盒乳清能蛋白粉威化饼西式糕点0添加蔗糖,已拼10万+件,¥19.2

369540822698,安井火锅食材组合免洗麻辣烫即食关东煮鱼籽福袋虾滑批发速食菜,已拼1万件,¥84.0
189756306052,杞里香特级枸杞子500g/50g正宗新货宁夏罐装红枸杞大粒苟杞3A4A,已拼10万+件,¥19.4
227987476400,blink冰力克德国进口口香糖15g*2盒无糖薄荷糖清新口气冰凉接吻糖,已拼10万+件,¥15.4
311588308621,五粮液 国庆纪念酒 52度 八代 普五 浓香型白酒单瓶 500ml,已拼1127件,¥939.0
件,¥5.2
310456165350,北京同仁堂玉米须桑叶茶150g血压糖脂蒲公英牛蒡根中老年人养生茶,总售10万+件,¥19.7
352414948057,小猪佩奇棒棒饼干蔬菜味288g手指饼牛奶蔬菜番茄味儿童休闲饼干,已拼1.1万件,¥10.9
312991087826,今麦郎素食方便面泡面超大面饼 只有面饼袋装整箱装批发 火锅速食,已拼4万件,¥9.7
3937193040,康恩贝钙铁锌咀嚼片60片可搭儿童长增提高产品青少年学生补钙,已拼10万+件,¥17.9
413678442443,【十月稻田】 长粒王香米20斤正宗长粒东北米实惠装包邮长粒王,已拼6366件,¥64.58
316133912622,五粮液股份52度臻品陈酒纯粮浓香型白酒整箱特价正品送礼酒水批发,已拼10万+件,¥197.0
299696241813,江中菊花决明子茶清口含片21g/60粒祛口臭去异味口干口苦胃火肝火,已拼10万+件,¥8.49
374942805497,【酒厂直营】泸州老窖 老窖藏品窖响 42度520ml*6 浓香型白酒,已拼1132件,¥369.0
406116639878,【2瓶装】王茅祥雅 黑王茅53度酱香型白酒500ml高档礼盒中秋送礼,已拼189件,¥1700.0
280784330655,江中菊花决明子枸杞茶150g牛蒡根金银花熬夜花茶滋补养生茶包正品,已拼10万+件,¥12.6
375852835408,52度五粮液1618浓香型白酒500ml整箱6瓶装(新旧包装随机发货),已拼370件,¥5669.0
209922248731,扳倒井白酒 正宗纯粮42度品鉴6号 500ml*4瓶 浓香型实惠口粮酒,已拼1.2万件,¥54.0
115307712660,宜宾五粮液股份绵柔尖庄50度330mL*6/12瓶浓香型白酒光瓶粮食酒,已拼9118件,¥101.0
.0
374824805053,【酒厂直营】泸州老窖金泸州52度999ml礼盒装送礼白酒自饮口粮酒,已拼4741件,¥48.0
307409656733,五粮液  中秋纪念酒 52度 八代 普五 浓香型白酒单瓶 500ml,已拼484件,¥999.0
410427376093,洋河蓝色经典52度海之蓝 520ml*1瓶绵柔型白酒(买2瓶送礼袋),已拼4887件,¥151.2
326311475177,四川金六福福寿双全50度浓香型白酒500mL瓶婚宴用酒特价批发,已拼2602件,¥39.0
413976206416,五粮液 九龙坛 蓝坛  1.5L*1坛 浓香型白酒 三斤 坛装 限量珍藏酒,已拼5件,¥6128.0
293596481979,茅台鸡年生肖纪念贵州茅台酒375mL*2瓶53度礼盒装,已拼76件,¥5298.0
336335411843,【贵州名酒】平坝窖酒平坝(翡翠)正宗坤沙53度酱香型口粮酒,已拼9172件,¥133.0
395551054062,52°五粮液第八代普五经典375ml单瓶装 浓香型白酒,已拼209件,¥699.0
33件,¥4859.0
