模板名字,模板链接
卡通星空独角兽背景的暑假生活PPT模板,https://ppt.1ppt.com/uploads/soft/2206/1-220611141108.zip
卡通手绘街景建筑背景PPT模板免费下载,https://ppt.1ppt.com/uploads/soft/2204/1-22040Q51031.zip
蓝紫渐变背景的工作总结汇报PPT模板,https://ppt.1ppt.com/uploads/soft/2203/1-22031G55225.zip
大理石纹理背景的欧美商务提案PPT模板,https://ppt.1ppt.com/uploads/soft/2205/1-220524153309.zip
黄绿配色的长阴影多边形PPT模板免费下载,https://ppt.1ppt.com/uploads/soft/2204/1-220425155R9.zip
蓝色清新唯美水彩花卉背景《遇见爱情》PPT模板,https://ppt.1ppt.com/uploads/soft/2206/1-220611105545.zip
蓝色简约古典花纹背景PPT模板免费下载,https://ppt.1ppt.com/uploads/soft/2204/1-22040GA646.zip
简约绿色圆点背景PPT模板免费下载,https://ppt.1ppt.com/uploads/soft/2203/1-2203161A024.zip
清新水彩花鸟PPT模板免费下载,https://ppt.1ppt.com/uploads/soft/2204/1-220425154315.zip
紫色油画风个人简历PPT模板,https://ppt.1ppt.com/uploads/soft/2205/1-220524142336.zip
创意孟菲斯风格的年中工作总结PPT模板,https://ppt.1ppt.com/uploads/soft/2206/1-220611101H2.zip
精致古典风传家风立家训PPT模板,https://ppt.1ppt.com/uploads/soft/2203/1-220329163213.zip
水彩花卉背景的婚礼策划PPT模板,https://ppt.1ppt.com/uploads/soft/2205/1-220524140057.zip
蓝色商业建筑背景的简约商务PPT模板,https://ppt.1ppt.com/uploads/soft/2204/1-2204241A528.zip
抽象蓝色圆点背景的商务汇报PPT模板,https://ppt.1ppt.com/uploads/soft/2203/1-220316163400.zip
卡通植物盆景背景清新日系风格PPT模板,https://ppt.1ppt.com/uploads/soft/2206/1-220610160H7.zip
写字楼建筑背景的稳重商务汇报PPT模板,https://ppt.1ppt.com/uploads/soft/2203/1-22032Q45606.zip
简约清新绿叶背景的年中工作总结PPT模板,https://ppt.1ppt.com/uploads/soft/2204/1-220424145T2.zip
雅致水墨群山仙鹤背景的中国风PPT模板,https://ppt.1ppt.com/uploads/soft/2205/1-2205231AP6.zip
雅致古典花纹背景PPT模板下载,https://ppt.1ppt.com/uploads/soft/2203/1-220316162151.zip
简约蓝黄配色通用商务PPT模板,https://ppt.1ppt.com/uploads/soft/2206/1-220610155642.zip
精美敦煌国潮风PPT模板下载,https://ppt.1ppt.com/uploads/soft/2203/1-220326163U1.zip
黑色点线彩色多边形背景的商务汇报PPT模板,https://ppt.1ppt.com/uploads/soft/2204/1-220422163558.zip
卡通小动物背景的小学班干部竞选自我介绍PPT模板,https://ppt.1ppt.com/uploads/soft/2205/1-220523152U6.zip
简约蓝色水彩背景PPT模板免费下载,https://ppt.1ppt.com/uploads/soft/2203/1-220316152R0.zip
瓷器主题的古典中国风PPT模板,https://ppt.1ppt.com/uploads/soft/2206/1-220610132332.zip
可爱卡通女孩背景的教学说课PPT模板,https://ppt.1ppt.com/uploads/soft/2203/1-220326162539.zip
精致毛玻璃效果的商务汇报PPT模板,https://ppt.1ppt.com/uploads/soft/2204/1-220415153154.zip
简约创意蓝橙配色商务汇报PPT模板,https://ppt.1ppt.com/uploads/soft/2203/1-220314164616.zip
时尚蓝紫渐变背景商务汇报PPT模板,https://ppt.1ppt.com/uploads/soft/2205/1-220523150558.zip
红蓝方块背景商务汇报PPT模板免费下载,https://ppt.1ppt.com/uploads/soft/2206/1-220610102639.zip
彩色创意孟菲斯风格PPT模板免费下载,https://ppt.1ppt.com/uploads/soft/2203/1-220324164052.zip
城市夜景背景的项目汇报PPT模板,https://ppt.1ppt.com/uploads/soft/2204/1-220415151132.zip
红蓝配色的时尚动感商务演示PPT模板,https://ppt.1ppt.com/uploads/soft/2203/1-220314162604.zip
精美水彩花鸟背景PPT模板免费下载,https://ppt.1ppt.com/uploads/soft/2206/1-220609153208.zip
蓝色动感时尚年度工作总结PPT模板免费下载,https://ppt.1ppt.com/uploads/soft/2205/1-220521132552.zip
灰色创意抽象烟雾背景PPT模板免费下载,https://ppt.1ppt.com/uploads/soft/2203/1-220324163145.zip
可爱卡通立体小手背景PPT模板免费下载,https://ppt.1ppt.com/uploads/soft/2204/1-220414154I0.zip
雅致简洁灰色三角形背景的商务汇报PPT模板,https://ppt.1ppt.com/uploads/soft/2203/1-220314153435.zip
蓝色精致青花瓷PPT模板免费下载,https://ppt.1ppt.com/uploads/soft/2206/1-22060Z95914.zip
蓝色水彩鎏金风商务汇报PPT模板,https://ppt.1ppt.com/uploads/soft/2205/1-220521111S1.zip
紫色矢量花卉背景PPT模板免费下载,https://ppt.1ppt.com/uploads/soft/2203/1-220324155209.zip
白色简洁斜线背景的商务汇报PPT模板,https://ppt.1ppt.com/uploads/soft/2204/1-220414150504.zip
精致黑金工作汇报PPT模板免费下载,https://ppt.1ppt.com/uploads/soft/2203/1-2203131F039.zip
卡通儿童背景的暑期夏令营总结PPT模板免费下载,https://ppt.1ppt.com/uploads/soft/2206/1-22060Q52133.zip
清新水彩植物叶子背景PPT模板,https://ppt.1ppt.com/uploads/soft/2205/1-220516145I8.zip
清新插画女孩背景的五月你好PPT模板,https://ppt.1ppt.com/uploads/soft/2203/1-220323164T6.zip
橙色渐变圆点圆圈背景的时尚工作总结PPT模板,https://ppt.1ppt.com/uploads/soft/2204/1-220413162147.zip
群山与仙鹤背景的古典中国风PPT模板,https://ppt.1ppt.com/uploads/soft/2203/1-220313164942.zip
清新雅致水墨桃花酒壶背景的中国风PPT模板,https://ppt.1ppt.com/uploads/soft/2206/1-22060Q45R8.zip
绿色简约小清新植物背景PPT模板,https://ppt.1ppt.com/uploads/soft/2205/1-220514161P3.zip
橙色动感时尚工作总结PPT模板,https://ppt.1ppt.com/uploads/soft/2203/1-220322162039.zip
精美雅致国潮风PPT模板免费下载,https://ppt.1ppt.com/uploads/soft/2204/1-220412153010.zip
绿色清新植物叶子花卉PPT模板免费下载,https://ppt.1ppt.com/uploads/soft/2203/1-220313153G3.zip
彩色酷炫曲线背景的时尚工作总结汇报PPT模板,https://ppt.1ppt.com/uploads/soft/2206/1-22060G34032.zip
可爱卡通风快乐童年成长相册PPT模板,https://ppt.1ppt.com/uploads/soft/2205/1-220513162229.zip
古典水墨江南PPT模板,https://ppt.1ppt.com/uploads/soft/2203/1-220322160217.zip
墨绿色花卉楼阁背景的中国风PPT模板免费下载,https://ppt.1ppt.com/uploads/soft/2204/1-220411164613.zip
动感简约蓝灰配色PPT模板免费下载,https://ppt.1ppt.com/uploads/soft/2203/1-2203121A325.zip
红蓝配色商业建筑背景的商务汇报PPT模板,https://ppt.1ppt.com/uploads/soft/2206/1-2206011F456.zip
淡雅水墨风国学主题PPT模板免费下载,https://ppt.1ppt.com/uploads/soft/2205/1-220513154500.zip
卡通手绘城堡与书籍背景的我的暑假生活PPT模板,https://ppt.1ppt.com/uploads/soft/2203/1-220322154250.zip
蓝色卡通雪景夜空背景的十一月你好PPT模板,https://ppt.1ppt.com/uploads/soft/2204/1-220411160639.zip
简约莫兰迪配色PPT模板免费下载,https://ppt.1ppt.com/uploads/soft/2203/1-220312163925.zip
绿色圆角欧美商务汇报PPT模板,https://ppt.1ppt.com/uploads/soft/2206/1-2206011A002.zip
极简水彩多肉植物背景工作总结PPT模板,https://ppt.1ppt.com/uploads/soft/2205/1-2205121F212.zip
创意孟菲斯几何图形背景PPT模板,https://ppt.1ppt.com/uploads/soft/2203/1-220322152136.zip
温馨暖色卡通秋天树木背景PPT模板免费下载,https://ppt.1ppt.com/uploads/soft/2204/1-220411154053.zip
白色微立体个人月度工作总结汇报PPT模板,https://ppt.1ppt.com/uploads/soft/2203/1-2203111F955.zip
卡通儿童背景的成长教育主题PPT模板,https://ppt.1ppt.com/uploads/soft/2205/1-22052G43045.zip
简约黑金风商务签约仪式策划PPT模板,https://ppt.1ppt.com/uploads/soft/2205/1-220510164U5.zip
精美花鸟中国风PPT模板免费下载,https://ppt.1ppt.com/uploads/soft/2203/1-2203211AS3.zip
精美金色银杏叶背景的秋之韵PPT模板,https://ppt.1ppt.com/uploads/soft/2204/1-2204101FZ8.zip
精致黑金风项目总结汇报PPT模板,https://ppt.1ppt.com/uploads/soft/2203/1-220311162939.zip
阳光海边沙滩背景的六月你好PPT模板,https://ppt.1ppt.com/uploads/soft/2205/1-220526154516.zip
绿色极简圆点背景的商务汇报PPT模板,https://ppt.1ppt.com/uploads/soft/2203/1-220319150938.zip
简约绿色渐变风商务汇报PPT模板,https://ppt.1ppt.com/uploads/soft/2205/1-220510155922.zip
卡通太空主题的儿童成长相册PPT模板,https://ppt.1ppt.com/uploads/soft/2204/1-2204101A913.zip
蓝色简约圆点背景通用商务汇报PPT模板,https://ppt.1ppt.com/uploads/soft/2205/1-220525161I4.zip
绿色卡通森林PPT模板,https://ppt.1ppt.com/uploads/soft/2203/1-220309164628.zip
精美喜庆国潮风PPT模板免费下载,https://ppt.1ppt.com/uploads/soft/2203/1-22031Q51601.zip
发达建筑背景的欧美风商务汇报PPT模板,https://ppt.1ppt.com/uploads/soft/2205/1-220509164349.zip
彩色卡通可爱儿童成长日记PPT模板,https://ppt.1ppt.com/uploads/soft/2204/1-220409163227.zip
金鹿梅花背景的国学主题PPT模板,https://ppt.1ppt.com/uploads/soft/2205/1-220525151522.zip
水彩绘制的春天来了PPT模板,https://ppt.1ppt.com/uploads/soft/2203/1-22030Q52F5.zip
蓝色油画叶子小鹿背景公司介绍PPT模板,https://ppt.1ppt.com/uploads/soft/2205/1-220509161911.zip
精美创意鎏金风PPT模板免费下载,https://ppt.1ppt.com/uploads/soft/2203/1-22031GA457.zip
清新水彩花鸟背景的个人简历PPT模板,https://ppt.1ppt.com/uploads/soft/2204/1-220409161Q3.zip
卡通风校园运动会PPT模板,https://ppt.1ppt.com/uploads/soft/2205/1-220525144T8.zip
水彩卡通太空风PPT模板免费下载,https://ppt.1ppt.com/uploads/soft/2203/1-220306104131.zip
唯美樱花节春季踏青活动策划PPT模板,https://ppt.1ppt.com/uploads/soft/2204/1-220429145158.zip
精美国潮风群山祥云背景PPT模板,https://ppt.1ppt.com/uploads/soft/2203/1-22031G63114.zip
深蓝海涛红月背景的古典中国风PPT模板,https://ppt.1ppt.com/uploads/soft/2204/1-22040Q63155.zip
水彩油菜花PPT模板,https://ppt.1ppt.com/uploads/soft/2205/1-220524161A2.zip
书籍与咖啡杯背景的阅读分享PPT模板,https://ppt.1ppt.com/uploads/soft/2203/1-220301161234.zip
简约红蓝渐变圆点背景PPT模板免费下载,https://ppt.1ppt.com/uploads/soft/2204/1-220426160045.zip
创意线条背景的商务汇报PPT模板,https://ppt.1ppt.com/uploads/soft/2203/1-22031G60Z7.zip
唯美蓝色水彩花朵背景PPT模板免费下载,https://ppt.1ppt.com/uploads/soft/2204/1-22040Q55J2.zip
精致卡通风小学《开学第一课》PPT模板,https://ppt.1ppt.com/uploads/soft/2202/1-220225161308.zip
紫色简约时尚部门工作总结汇报PPT模板,https://ppt.1ppt.com/uploads/soft/2204/1-220426152916.zip
灰色商业建筑背景的商务演示PPT模板,https://ppt.1ppt.com/uploads/soft/2202/1-2202241FS2.zip
城市建筑背景的办公室工作总结PPT模板,https://ppt.1ppt.com/uploads/soft/2201/1-220124161549.zip
精美古典花纹背景的中国风PPT模板免费下载,https://ppt.1ppt.com/uploads/soft/2112/1-211223161310.zip
精美国潮风《乘风破浪》PPT模板免费下载,https://ppt.1ppt.com/uploads/soft/2202/1-220224154953.zip
蓝色欧美风商业计划书PPT模板免费下载,https://ppt.1ppt.com/uploads/soft/2111/1-211126155337.zip
绿色清新水彩叶子教学说课PPT模板免费下载,https://ppt.1ppt.com/uploads/soft/2111/1-211101144103.zip
精美蓝色水墨中国风PPT模板免费下载,https://ppt.1ppt.com/uploads/soft/2201/1-220123164033.zip
简约绿色抽象曲线背景商务演示PPT模板,https://ppt.1ppt.com/uploads/soft/2112/1-211223133541.zip
简洁蓝色工作计划PPT模板免费下载,https://ppt.1ppt.com/uploads/soft/2202/1-220224153A4.zip
红色简约商业分析报告PPT模板,https://ppt.1ppt.com/uploads/soft/2111/1-211126150417.zip
清新绿色水彩叶子背景教学说课PPT模板,https://ppt.1ppt.com/uploads/soft/2110/1-211031111516.zip
蓝色卡通海底世界背景PPT模板免费下载,https://ppt.1ppt.com/uploads/soft/2201/1-220119161133.zip
可爱卡通小动物背景的冬天主题PPT模板,https://ppt.1ppt.com/uploads/soft/2112/1-211216153958.zip
彩色2.5D读书分享会PPT模板免费下载,https://ppt.1ppt.com/uploads/soft/2202/1-2202231G232.zip
复古大字报风格的商务汇报PPT模板,https://ppt.1ppt.com/uploads/soft/2111/1-211124153P3.zip
水墨《书香校园》读书分享PPT模板,https://ppt.1ppt.com/uploads/soft/2110/1-211029134301.zip
精美古韵荷花背景电子相册PPT模板,https://ppt.1ppt.com/uploads/soft/2201/1-220119131F6.zip
简约绿橙配色商务汇报PPT模板免费下载,https://ppt.1ppt.com/uploads/soft/2112/1-211215143008.zip
蓝色渐变欧美商务PPT模板免费下载,https://ppt.1ppt.com/uploads/soft/2202/1-2202231A334.zip
蓝色矢量风商务演示PPT模板,https://ppt.1ppt.com/uploads/soft/2111/1-211123160311.zip
雾凇背景的雪景主题PPT模板,https://ppt.1ppt.com/uploads/soft/2110/1-21102Q44214.zip
清风茶语茶文化主题PPT模板,https://ppt.1ppt.com/uploads/soft/2201/1-220115154649.zip
蓝色稳重城市建筑剪影背景的活动策划方案PPT模板,https://ppt.1ppt.com/uploads/soft/2112/1-211211135H6.zip
简约蓝色清新背景的通用商务汇报PPT模板,https://ppt.1ppt.com/uploads/soft/2202/1-220223160526.zip
高端大气绿色圆点创业融资计划书PPT模板,https://ppt.1ppt.com/uploads/soft/2111/1-211123141927.zip
简约彩色时尚矢量风PPT模板,https://ppt.1ppt.com/uploads/soft/2110/1-21102G62937.zip
简约水墨群山背景的茶道主题PPT模板,https://ppt.1ppt.com/uploads/soft/2201/1-220114155330.zip
精致复古风工作汇报PPT模板,https://ppt.1ppt.com/uploads/soft/2202/1-220223142550.zip
卡通书籍背景的教学公开课PPT模板,https://ppt.1ppt.com/uploads/soft/2112/1-211210164953.zip
简约时尚莫兰迪配色圆点背景PPT模板,https://ppt.1ppt.com/uploads/soft/2111/1-211122145428.zip
时尚彩色墨迹背景的活动策划方案PPT模板,https://ppt.1ppt.com/uploads/soft/2110/1-211026160156.zip
紫色动感图案背景的年终总结新年计划PPT模板,https://ppt.1ppt.com/uploads/soft/2201/1-220113164341.zip
卡通雪景和儿童背景的我的寒假生活PPT模板,https://ppt.1ppt.com/uploads/soft/2202/1-220222163008.zip
有趣的卡通幼儿园主题PPT模板,https://ppt.1ppt.com/uploads/soft/2112/1-211209145645.zip
精美古建筑雪景背景的冬天你好PPT模板,https://ppt.1ppt.com/uploads/soft/2111/1-2111191F447.zip
群山花鸟背景的雅致中国风PPT模板,https://ppt.1ppt.com/uploads/soft/2110/1-2110221AH1.zip
精致彩色微立体年终总结PPT模板免费下载,https://ppt.1ppt.com/uploads/soft/2201/1-220112101307.zip
红黄多边形背景的欧美风创意设计PPT模板,https://ppt.1ppt.com/uploads/soft/2202/1-220221163T0.zip
简约中国风禅茶一味PPT模板免费下载,https://ppt.1ppt.com/uploads/soft/2112/1-211209140G2.zip
绿色叶子与红色火烈鸟背景的小清新PPT模板,https://ppt.1ppt.com/uploads/soft/2110/1-2110211G636.zip
精致黑白纹理背景的工作总结汇报PPT模板,https://ppt.1ppt.com/uploads/soft/2111/1-211119163P5.zip
可爱卡通树木小熊背景教学说课PPT模板,https://ppt.1ppt.com/uploads/soft/2201/1-220110120Q1.zip
古典风中国历史发展时间轴PPT模板下载,https://ppt.1ppt.com/uploads/soft/2202/1-220214161304.zip
红色连衣裙女士与玫瑰花背景PPT模板,https://ppt.1ppt.com/uploads/soft/2112/1-211209134256.zip
绿色小清新下午茶桌面背景PPT模板,https://ppt.1ppt.com/uploads/soft/2110/1-211020164Q9.zip
绿色清新水彩仙人掌背景PPT模板免费下载,https://ppt.1ppt.com/uploads/soft/2201/1-22010G52051.zip
蓝色矢量商务风商业融资计划书PPT模板,https://ppt.1ppt.com/uploads/soft/2111/1-211119153A7.zip
清新绿色水彩背景春天主题PPT模板免费下载,https://ppt.1ppt.com/uploads/soft/2202/1-22020Q43000.zip
精美清新白掌植物背景的你好主题PPT模板,https://ppt.1ppt.com/uploads/soft/2112/1-21120Q52211.zip
简约淡雅水墨山水背景中国风PPT模板下载,https://ppt.1ppt.com/uploads/soft/2201/1-22010G44Z5.zip
精致黑金中国风项目策划PPT模板免费下载,https://ppt.1ppt.com/uploads/soft/2110/1-2110191I304.zip
红黑配色的卡通小怪兽主题PPT模板,https://ppt.1ppt.com/uploads/soft/2111/1-211119150406.zip
绿色清新插画风春季活动策划PPT模板,https://ppt.1ppt.com/uploads/soft/2202/1-22020Q05431.zip
精美绿色水彩阔叶植物背景PPT模板免费下载,https://ppt.1ppt.com/uploads/soft/2112/1-21120G12516.zip
简约小清新植物枝条背景PPT模板,https://ppt.1ppt.com/uploads/soft/2201/1-22010G35034.zip
卡通水果蔬菜主题PPT模板免费下载,https://ppt.1ppt.com/uploads/soft/2111/1-211115164252.zip
蓝色海涛背景的古典风PPT模板,https://ppt.1ppt.com/uploads/soft/2110/1-21101QF954.zip
职场人物背景的蓝色商务风个人年终总结PPT模板,https://ppt.1ppt.com/uploads/soft/2201/1-220130135432.zip
时尚斜线圆点背景的商业计划书PPT模板,https://ppt.1ppt.com/uploads/soft/2112/1-211204134350.zip
灰色创意木纹背景商务汇报PPT模板免费下载,https://ppt.1ppt.com/uploads/soft/2201/1-2201041A642.zip
书籍背景的浅色读书分享PPT模板,https://ppt.1ppt.com/uploads/soft/2111/1-2111131A355.zip
黑金风欧美商务PPT模板免费下载,https://ppt.1ppt.com/uploads/soft/2110/1-21101Q45G9.zip
梅花灯笼背景的古典中国风PPT模板,https://ppt.1ppt.com/uploads/soft/2201/1-22012QA213.zip
蓝色动感曲线背景的欧美风活动策划PPT模板,https://ppt.1ppt.com/uploads/soft/2112/1-211203141441.zip
极简莫兰迪配色半圆背景PPT模板免费下载,https://ppt.1ppt.com/uploads/soft/2201/1-220104160013.zip
橙黑职场人物背景的商务办公主题PPT模板,https://ppt.1ppt.com/uploads/soft/2201/1-22012Q61545.zip
橙色不忘初心工作总结汇报PPT模板,https://ppt.1ppt.com/uploads/soft/2111/1-21110Q61946.zip
淡雅清新绿色花卉背景PPT模板免费下载,https://ppt.1ppt.com/uploads/soft/2110/1-21101Q35207.zip
简约欧美风商务办公PPT模板,https://ppt.1ppt.com/uploads/soft/2112/1-2112021J244.zip
极简小清新风格的工作计划PPT模板,https://ppt.1ppt.com/uploads/soft/2201/1-220104112347.zip
紫色时尚孟菲斯风格PPT模板免费下载,https://ppt.1ppt.com/uploads/soft/2110/1-21101GFF6.zip
简约办公桌面背景的商务办公PPT模板,https://ppt.1ppt.com/uploads/soft/2201/1-22012Q53H7.zip
雅致水彩花卉背景中国风PPT模板免费下载,https://ppt.1ppt.com/uploads/soft/2111/1-21110Q52U8.zip
创意彩色几何多边形背景PPT模板免费下载,https://ppt.1ppt.com/uploads/soft/2112/1-2112021G634.zip
清新水彩花卉背景的韩范PPT模板免费下载,https://ppt.1ppt.com/uploads/soft/2201/1-220102092A3.zip
彩色时尚活动策划方案PPT模板免费下载,https://ppt.1ppt.com/uploads/soft/2201/1-22012G61J2.zip
雅致绿色水彩晕染背景PPT模板免费下载,https://ppt.1ppt.com/uploads/soft/2110/1-211015154U2.zip
淡雅水墨石榴背景中国风PPT模板免费下载,https://ppt.1ppt.com/uploads/soft/2111/1-211103143455.zip
蓝色简约商业建筑背景的创业融资计划书PPT模板,https://ppt.1ppt.com/uploads/soft/2112/1-21122Q54624.zip
简约清新蓝粉配色个人简历PPT模板,https://ppt.1ppt.com/uploads/soft/2112/1-211202111H2.zip
复古日系花卉图案背景PPT模板,https://ppt.1ppt.com/uploads/soft/2201/1-220125135102.zip
简约蓝色商务PPT模板免费下载,https://ppt.1ppt.com/uploads/soft/2110/1-211014133341.zip
清新海洋风工作总结计划PPT模板,https://ppt.1ppt.com/uploads/soft/2111/1-211103134951.zip
简约淡雅圆点背景的志愿者活动策划PPT模板,https://ppt.1ppt.com/uploads/soft/2112/1-21122G51Q5.zip
彩色孟菲斯风格的校园辩论赛PPT模板,https://ppt.1ppt.com/uploads/soft/2111/1-211130150601.zip
唯美折扇花卉石桌背景的读书分享会PPT模板,https://ppt.1ppt.com/uploads/soft/2110/1-2110131A113.zip
墨绿色多边形背景的阶段工作总结汇报PPT模板,https://ppt.1ppt.com/uploads/soft/2201/1-220125115931.zip
红黑水墨鲤鱼背景极简中国风PPT模板,https://ppt.1ppt.com/uploads/soft/2111/1-211103100335.zip
水彩散尾葵叶子背景的北欧风PPT画册模板,https://ppt.1ppt.com/uploads/soft/2112/1-21122G34G4.zip
水墨牧童背景的古典中国风PPT模板,https://ppt.1ppt.com/uploads/soft/2111/1-211130134958.zip
可爱卡通风教学说课PPT模板免费下载,https://ppt.1ppt.com/uploads/soft/2110/1-211013160T5.zip
粉色桃花背景的你好春天PPT模板,https://ppt.1ppt.com/uploads/soft/2201/1-220124162959.zip
《我爱你》情侣相册PPT模板,https://ppt.1ppt.com/uploads/soft/2111/1-211102163028.zip
彩色方块拼合背景的工作汇报PPT模板,https://ppt.1ppt.com/uploads/soft/2112/1-211224161503.zip
可爱卡通幼儿园教学活动设计PPT模板,https://ppt.1ppt.com/uploads/soft/2111/1-211129154649.zip
简约绿色多边形背景的工作总结汇报PPT模板,https://ppt.1ppt.com/uploads/soft/2110/1-2110121R644.zip
橙色紫色配色动感渐变风PPT模板免费下载,https://ppt.1ppt.com/uploads/soft/2111/1-211102161108.zip
150页极简欧美风商务演示PPT模板,https://ppt.1ppt.com/uploads/soft/2111/1-2111261A250.zip
古典水墨荷花背景的教学说课PPT模板免费下载,https://ppt.1ppt.com/uploads/soft/2110/1-211009101H0.zip
创意MBE风格烘培主题PPT模板,https://ppt.1ppt.com/uploads/soft/2111/1-211102143956.zip
