图片名称,链接
影楼艺术婚纱摄影情侣图片,https://scpic2.chinaz.net/Files/pic/pic9/202206/apic41396_s.jpg
美女白色艺术写真摄影图片,https://scpic2.chinaz.net/Files/pic/pic9/202206/apic41364_s.jpg
植物园绿色仙人球图片,https://scpic1.chinaz.net/Files/pic/pic9/202206/bpic26341_s.jpg
国外美女手持蓝色纱巾图片,https://scpic3.chinaz.net/Files/pic/pic9/202206/apic41328_s.jpg
玫瑰琵鹭特写图片,https://scpic2.chinaz.net/Files/pic/pic9/202206/hpic5514_s.jpg
雨后红色嫩枫叶图摄影图片,https://scpic2.chinaz.net/Files/pic/pic9/202206/bpic26335_s.jpg
好好读书创意插画图片,https://scpic2.chinaz.net/Files/pic/pic9/202206/apic41320_s.jpg
沙漠自然风景图片,https://scpic3.chinaz.net/Files/pic/pic9/202206/apic41338_s.jpg
男人穿西装特写图片,https://scpic2.chinaz.net/Files/pic/pic9/202206/hpic5518_s.jpg
海边悠闲度假性感美女图片,https://scpic2.chinaz.net/Files/pic/pic9/202206/apic41357_s.jpg
斑驳木纹纹理背景图片,https://scpic3.chinaz.net/Files/pic/pic9/202206/apic41416_s.jpg
蓝天白云雪域高山图片,https://scpic1.chinaz.net/Files/pic/pic9/202206/apic41344_s.jpg
街拍蓝色衬衫短裤美女图片,https://scpic1.chinaz.net/Files/pic/pic9/202206/apic41348_s.jpg
优雅晚安唯美图片,https://scpic.chinaz.net/Files/pic/pic9/202206/apic41401_s.jpg
男人穿西装特写图片,https://scpic1.chinaz.net/Files/pic/pic9/202206/hpic5518_s.jpg
海边悠闲度假性感美女图片,https://scpic1.chinaz.net/Files/pic/pic9/202206/apic41357_s.jpg
斑驳木纹纹理背景图片,https://scpic1.chinaz.net/Files/pic/pic9/202206/apic41416_s.jpg
蓝天白云雪域高山图片,https://scpic1.chinaz.net/Files/pic/pic9/202206/apic41344_s.jpg
街拍蓝色衬衫短裤美女图片,https://scpic1.chinaz.net/Files/pic/pic9/202206/apic41348_s.jpg
优雅晚安唯美图片,https://scpic2.chinaz.net/Files/pic/pic9/202206/apic41401_s.jpg
浩瀚宇宙地球图片,https://scpic.chinaz.net/Files/pic/pic9/202206/apic41350_s.jpg
戴眼镜素颜美女图片,https://scpic3.chinaz.net/Files/pic/pic9/202206/apic41391_s.jpg
欧美帅哥持枪写真图片,https://scpic2.chinaz.net/Files/pic/pic9/202206/apic41312_s.jpg
红色古董跑车方向盘图片,https://scpic2.chinaz.net/Files/pic/pic9/202206/bpic26314_s.jpg
亚洲白色奥黛越服美女图片,https://scpic.chinaz.net/Files/pic/pic9/202206/apic41288_s.jpg
穿白色婚纱的亚洲新娘图片,https://scpic1.chinaz.net/Files/pic/pic9/202206/hpic5502_s.jpg
户外日本和服美女图片写真,https://scpic.chinaz.net/Files/pic/pic9/202206/apic41301_s.jpg
印度金色宫殿美女图片,https://scpic.chinaz.net/Files/pic/pic9/202206/apic41306_s.jpg
矮牵牛装饰盆栽图片,https://scpic1.chinaz.net/Files/pic/pic9/202206/bpic26307_s.jpg
精神压力大插画设计图片,https://scpic3.chinaz.net/Files/pic/pic9/202206/apic41281_s.jpg
冰镇鸡尾酒果饮图片,https://scpic2.chinaz.net/Files/pic/pic9/202206/bpic26326_s.jpg
欧洲气质少妇美女写真图片,https://scpic.chinaz.net/Files/pic/pic9/202206/apic41313_s.jpg
冰镇橙汁冷饮图片,https://scpic3.chinaz.net/Files/pic/pic9/202206/hpic5505_s.jpg
越南白色越服美女图片,https://scpic3.chinaz.net/Files/pic/pic9/202206/apic41334_s.jpg
河边放牛娃美女看书图片,https://scpic3.chinaz.net/Files/pic/pic9/202206/apic41333_s.jpg
奶酪蛋糕块图片,https://scpic2.chinaz.net/Files/pic/pic9/202206/bpic26322_s.jpg
性感超短裙渔网袜美女图片,https://scpic3.chinaz.net/Files/pic/pic9/202206/apic41297_s.jpg
高清外太空摄影图片,https://scpic.chinaz.net/Files/pic/pic9/202206/apic41293_s.jpg
欧美美女手持滑板图片,https://scpic1.chinaz.net/Files/pic/pic9/202206/apic41289_s.jpg
唯美黄昏湖泊风景油画图片,https://scpic1.chinaz.net/Files/pic/pic9/202206/apic41275_s.jpg
树枝上一只黄色山雀鸟图片,https://scpic3.chinaz.net/Files/pic/pic9/202206/bpic26304_s.jpg
流浪猫舔爪子图片,https://scpic3.chinaz.net/Files/pic/pic9/202206/hpic5495_s.jpg
欧美轻熟风御姐美女图片,https://scpic2.chinaz.net/Files/pic/pic9/202206/apic41267_s.jpg
高地山水湖泊景观图片,https://scpic3.chinaz.net/Files/pic/pic9/202206/bpic26297_s.jpg
自制美味烤羊肉串图片,https://scpic.chinaz.net/Files/pic/pic9/202206/bpic26300_s.jpg
欧美小孩雪地滑雪图片,https://scpic.chinaz.net/Files/pic/pic9/202206/apic41231_s.jpg
巨型民用飞机图片,https://scpic1.chinaz.net/Files/pic/pic9/202205/apic41196_s.jpg
淡雅紫色渐变花卉图片,https://scpic.chinaz.net/Files/pic/pic9/202206/apic41224_s.jpg
欧美大龄御姐人体艺术图片,https://scpic.chinaz.net/Files/pic/pic9/202205/apic41180_s.jpg
简约创意饮料图片摄影,https://scpic2.chinaz.net/Files/pic/pic9/202206/apic41218_s.jpg
父亲节手绘水彩画图片,https://scpic2.chinaz.net/Files/pic/pic9/202205/apic41166_s.jpg
中年美妇艺术照图片,https://scpic1.chinaz.net/Files/pic/pic9/202205/apic41168_s.jpg
气质美女白色婚纱图片,https://scpic3.chinaz.net/Files/pic/pic9/202206/apic41216_s.jpg
黄昏海边摄影人体模特图片,https://scpic1.chinaz.net/Files/pic/pic9/202206/apic41261_s.jpg
逆光海滩沙滩椅图片,https://scpic2.chinaz.net/Files/pic/pic9/202206/apic41254_s.jpg
农场绿色小麦麦穗图片,https://scpic2.chinaz.net/Files/pic/pic9/202206/bpic26291_s.jpg
辅导功课卡通插画图片,https://scpic3.chinaz.net/Files/pic/pic9/202206/apic41251_s.jpg
欧美俊男美女乡野风图片,https://scpic2.chinaz.net/Files/pic/pic9/202206/apic41235_s.jpg
两只漂亮黑天鹅浮水图片,https://scpic2.chinaz.net/Files/pic/pic9/202206/bpic26287_s.jpg
成熟葡萄串水果图片,https://scpic.chinaz.net/Files/pic/pic9/202206/bpic26284_s.jpg
绿色环保塑料餐具图片,https://scpic2.chinaz.net/Files/pic/pic9/202206/apic41245_s.jpg
土豆蔬菜丰收图片,https://scpic2.chinaz.net/Files/pic/pic9/202206/bpic26275_s.jpg
春日旗袍美女图片写真照,https://scpic3.chinaz.net/Files/pic/pic9/202205/apic41171_s.jpg
超好看的夕阳图片,https://scpic.chinaz.net/Files/pic/pic9/202205/apic41172_s.jpg
红冠公鸡图片,https://scpic1.chinaz.net/Files/pic/pic9/202206/hpic5486_s.jpg
时尚高级感美女写真图片,https://scpic2.chinaz.net/Files/pic/pic9/202205/apic41192_s.jpg
清晨朦胧森林山路风景图片,https://scpic2.chinaz.net/Files/pic/pic9/202206/bpic26280_s.jpg
父亲节图片感恩素材,https://scpic3.chinaz.net/Files/pic/pic9/202205/apic41157_s.jpg
性感制服丝袜诱惑图片,https://scpic2.chinaz.net/Files/pic/pic9/202205/apic41186_s.jpg
丰富多彩的棒棒糖图片,https://scpic1.chinaz.net/Files/pic/pic9/202205/bpic26266_s.jpg
激励高三学生的图片,https://scpic.chinaz.net/Files/pic/pic9/202205/apic41133_s.jpg
黄昏女人祈祷图片,https://scpic2.chinaz.net/Files/pic/pic9/202205/apic41132_s.jpg
老爷爷从背后拥抱老奶奶图片,https://scpic2.chinaz.net/Files/pic/pic9/202205/hpic5482_s.jpg
迷人私房丝袜美女图片,https://scpic2.chinaz.net/Files/pic/pic9/202205/apic41162_s.jpg
桑蚕丝旗袍风美女写真图片,https://scpic2.chinaz.net/Files/pic/pic9/202205/apic41164_s.jpg
金黄色芒果图片,https://scpic2.chinaz.net/Files/pic/pic9/202205/bpic26260_s.jpg
手持香烟欧美美女图片,https://scpic1.chinaz.net/Files/pic/pic9/202205/apic41069_s.jpg
