rank,title,detail_url,img_url,rating_num,comment_num,quote
1,肖申克的救赎,https://movie.douban.com/subject/1292052/,https://img2.doubanio.com/view/photo/s_ratio_poster/public/p480747492.jpg,9.7,2572830人评价,希望让人自由。
2,霸王别姬,https://movie.douban.com/subject/1291546/,https://img3.doubanio.com/view/photo/s_ratio_poster/public/p2561716440.jpg,9.6,1910760人评价,风华绝代。
3,阿甘正传,https://movie.douban.com/subject/1292720/,https://img2.doubanio.com/view/photo/s_ratio_poster/public/p2372307693.jpg,9.5,1932917人评价,一部美国近现代史。
4,泰坦尼克号,https://movie.douban.com/subject/1292722/,https://img9.doubanio.com/view/photo/s_ratio_poster/public/p457760035.jpg,9.4,1894451人评价,失去的才是永恒的。 
5,这个杀手不太冷,https://movie.douban.com/subject/1295644/,https://img2.doubanio.com/view/photo/s_ratio_poster/public/p511118051.jpg,9.4,2089362人评价,怪蜀黍和小萝莉不得不说的故事。
6,美丽人生,https://movie.douban.com/subject/1292063/,https://img2.doubanio.com/view/photo/s_ratio_poster/public/p2578474613.jpg,9.6,1186664人评价,最美的谎言。
7,千与千寻,https://movie.douban.com/subject/1291561/,https://img1.doubanio.com/view/photo/s_ratio_poster/public/p2557573348.jpg,9.4,2013047人评价,最好的宫崎骏，最好的久石让。 
8,辛德勒的名单,https://movie.douban.com/subject/1295124/,https://img2.doubanio.com/view/photo/s_ratio_poster/public/p492406163.jpg,9.5,990024人评价,拯救一个人，就是拯救整个世界。
9,盗梦空间,https://movie.douban.com/subject/3541415/,https://img9.doubanio.com/view/photo/s_ratio_poster/public/p513344864.jpg,9.4,1854929人评价,诺兰给了我们一场无法盗取的梦。
10,忠犬八公的故事,https://movie.douban.com/subject/3011091/,https://img3.doubanio.com/view/photo/s_ratio_poster/public/p2587099240.jpg,9.4,1270789人评价,永远都不能忘记你所爱的人。
11,星际穿越,https://movie.douban.com/subject/1889243/,https://img1.doubanio.com/view/photo/s_ratio_poster/public/p2614988097.jpg,9.4,1538746人评价,爱是一种力量，让我们超越时空感知它的存在。
12,楚门的世界,https://movie.douban.com/subject/1292064/,https://img2.doubanio.com/view/photo/s_ratio_poster/public/p479682972.jpg,9.3,1461165人评价,如果再也不能见到你，祝你早安，午安，晚安。
13,海上钢琴师,https://movie.douban.com/subject/1292001/,https://img9.doubanio.com/view/photo/s_ratio_poster/public/p2574551676.jpg,9.3,1507207人评价,每个人都要走一条自己坚定了的路，就算是粉身碎骨。 
14,三傻大闹宝莱坞,https://movie.douban.com/subject/3793023/,https://img2.doubanio.com/view/photo/s_ratio_poster/public/p579729551.jpg,9.2,1685741人评价,英俊版憨豆，高情商版谢耳朵。
15,机器人总动员,https://movie.douban.com/subject/2131459/,https://img2.doubanio.com/view/photo/s_ratio_poster/public/p1461851991.jpg,9.3,1188094人评价,小瓦力，大人生。
16,放牛班的春天,https://movie.douban.com/subject/1291549/,https://img2.doubanio.com/view/photo/s_ratio_poster/public/p1910824951.jpg,9.3,1172800人评价,天籁一般的童声，是最接近上帝的存在。 
17,无间道,https://movie.douban.com/subject/1307914/,https://img2.doubanio.com/view/photo/s_ratio_poster/public/p2564556863.jpg,9.3,1181749人评价,香港电影史上永不过时的杰作。
18,疯狂动物城,https://movie.douban.com/subject/25662329/,https://img1.doubanio.com/view/photo/s_ratio_poster/public/p2614500649.jpg,9.2,1690619人评价,迪士尼给我们营造的乌托邦就是这样，永远善良勇敢，永远出乎意料。
19,大话西游之大圣娶亲,https://movie.douban.com/subject/1292213/,https://img9.doubanio.com/view/photo/s_ratio_poster/public/p2455050536.jpg,9.2,1377655人评价,一生所爱。
20,熔炉,https://movie.douban.com/subject/5912992/,https://img9.doubanio.com/view/photo/s_ratio_poster/public/p1363250216.jpg,9.3,837953人评价,我们一路奋战不是为了改变世界，而是为了不让世界改变我们。
21,教父,https://movie.douban.com/subject/1291841/,https://img9.doubanio.com/view/photo/s_ratio_poster/public/p616779645.jpg,9.3,847582人评价,千万不要记恨你的对手，这样会让你失去理智。
22,当幸福来敲门,https://movie.douban.com/subject/1849031/,https://img9.doubanio.com/view/photo/s_ratio_poster/public/p2614359276.jpg,9.2,1365067人评价,平民励志片。 
23,控方证人,https://movie.douban.com/subject/1296141/,https://img1.doubanio.com/view/photo/s_ratio_poster/public/p1505392928.jpg,9.6,440579人评价,比利·怀德满分作品。
24,怦然心动,https://movie.douban.com/subject/3319755/,https://img1.doubanio.com/view/photo/s_ratio_poster/public/p501177648.jpg,9.1,1634373人评价,真正的幸福是来自内心深处。
25,龙猫,https://movie.douban.com/subject/1291560/,https://img9.doubanio.com/view/photo/s_ratio_poster/public/p2540924496.jpg,9.2,1136421人评价,人人心中都有个龙猫，童年就永远不会消失。
26,触不可及,https://movie.douban.com/subject/6786002/,https://img9.doubanio.com/view/photo/s_ratio_poster/public/p1454261925.jpg,9.3,941263人评价,满满温情的高雅喜剧。
27,末代皇帝,https://movie.douban.com/subject/1293172/,https://img2.doubanio.com/view/photo/s_ratio_poster/public/p452089833.jpg,9.3,756258人评价,“不要跟我比惨，我比你更惨”再适合这部电影不过了。
28,寻梦环游记,https://movie.douban.com/subject/20495023/,https://img9.doubanio.com/view/photo/s_ratio_poster/public/p2614500706.jpg,9.1,1454607人评价,死亡不是真的逝去，遗忘才是永恒的消亡。
29,蝙蝠侠：黑暗骑士,https://movie.douban.com/subject/1851857/,https://img2.doubanio.com/view/photo/s_ratio_poster/public/p462657443.jpg,9.2,935905人评价,无尽的黑暗。
30,活着,https://movie.douban.com/subject/1292365/,https://img1.doubanio.com/view/photo/s_ratio_poster/public/p2597919477.jpg,9.3,733455人评价,张艺谋最好的电影。
31,哈利·波特与魔法石,https://movie.douban.com/subject/1295038/,https://img9.doubanio.com/view/photo/s_ratio_poster/public/p2614949805.jpg,9.1,1017596人评价,童话世界的开端。
32,指环王3：王者无敌,https://movie.douban.com/subject/1291552/,https://img2.doubanio.com/view/photo/s_ratio_poster/public/p2642829472.jpg,9.3,714999人评价,史诗的终章。
33,乱世佳人,https://movie.douban.com/subject/1300267/,https://img3.doubanio.com/view/photo/s_ratio_poster/public/p1963126880.jpg,9.3,617779人评价,Tomorrow is another day.
34,素媛,https://movie.douban.com/subject/21937452/,https://img9.doubanio.com/view/photo/s_ratio_poster/public/p2118532944.jpg,9.3,604075人评价,受过伤害的人总是笑得最开心，因为他们不愿意让身边的人承受一样的痛苦。
35,飞屋环游记,https://movie.douban.com/subject/2129039/,https://img2.doubanio.com/view/photo/s_ratio_poster/public/p2363116942.jpg,9.1,1187825人评价,最后那些最无聊的事情，才是最值得怀念的。 
36,摔跤吧！爸爸,https://movie.douban.com/subject/26387939/,https://img1.doubanio.com/view/photo/s_ratio_poster/public/p2401676338.jpg,9.0,1411397人评价,你不是在为你一个人战斗，你要让千千万万的女性看到女生并不是只能相夫教子。
37,何以为家,https://movie.douban.com/subject/30170448/,https://img1.doubanio.com/view/photo/s_ratio_poster/public/p2555295759.jpg,9.1,921853人评价,凝视卑弱生命，用电影改变命运。
38,我不是药神,https://movie.douban.com/subject/26752088/,https://img9.doubanio.com/view/photo/s_ratio_poster/public/p2561305376.jpg,9.0,1884004人评价,对我们国家而言，这样的电影多一部是一部。
39,十二怒汉,https://movie.douban.com/subject/1293182/,https://img2.doubanio.com/view/photo/s_ratio_poster/public/p2173577632.jpg,9.4,422062人评价,1957年的理想主义。 
40,哈尔的移动城堡,https://movie.douban.com/subject/1308807/,https://img3.doubanio.com/view/photo/s_ratio_poster/public/p2174346180.jpg,9.1,896514人评价,带着心爱的人在天空飞翔。
41,少年派的奇幻漂流,https://movie.douban.com/subject/1929463/,https://img2.doubanio.com/view/photo/s_ratio_poster/public/p1784592701.jpg,9.1,1225039人评价,瑰丽壮观、无人能及的冒险之旅。
42,鬼子来了,https://movie.douban.com/subject/1291858/,https://img1.doubanio.com/view/photo/s_ratio_poster/public/p2553104888.jpg,9.3,552655人评价,对敌人的仁慈，就是对自己残忍。
43,大话西游之月光宝盒,https://movie.douban.com/subject/1299398/,https://img2.doubanio.com/view/photo/s_ratio_poster/public/p2561721372.jpg,9.0,1098264人评价,旷古烁今。
44,天空之城,https://movie.douban.com/subject/1291583/,https://img1.doubanio.com/view/photo/s_ratio_poster/public/p1446261379.jpg,9.1,738912人评价,对天空的追逐，永不停止。 
45,猫鼠游戏,https://movie.douban.com/subject/1305487/,https://img2.doubanio.com/view/photo/s_ratio_poster/public/p453924541.jpg,9.1,854312人评价,骗子大师和执著警探的你追我跑故事。 
46,天堂电影院,https://movie.douban.com/subject/1291828/,https://img3.doubanio.com/view/photo/s_ratio_poster/public/p2653054340.jpg,9.2,616928人评价,那些吻戏，那些青春，都在影院的黑暗里被泪水冲刷得无比清晰。
47,指环王2：双塔奇兵,https://movie.douban.com/subject/1291572/,https://img9.doubanio.com/view/photo/s_ratio_poster/public/p2640236255.jpg,9.2,666993人评价,承前启后的史诗篇章。
48,闻香识女人,https://movie.douban.com/subject/1298624/,https://img1.doubanio.com/view/photo/s_ratio_poster/public/p2550757929.jpg,9.1,774304人评价,史上最美的探戈。
49,罗马假日,https://movie.douban.com/subject/1293839/,https://img9.doubanio.com/view/photo/s_ratio_poster/public/p2189265085.jpg,9.1,861708人评价,爱情哪怕只有一天。
50,钢琴家,https://movie.douban.com/subject/1296736/,https://img2.doubanio.com/view/photo/s_ratio_poster/public/p792376093.jpg,9.2,527442人评价,音乐能化解仇恨。
51,让子弹飞,https://movie.douban.com/subject/3742360/,https://img1.doubanio.com/view/photo/s_ratio_poster/public/p1512562287.jpg,8.9,1487231人评价,你给我翻译翻译，神马叫做TMD的惊喜。
52,指环王1：护戒使者,https://movie.douban.com/subject/1291571/,https://img3.doubanio.com/view/photo/s_ratio_poster/public/p2640234840.jpg,9.1,754780人评价,传说的开始。
53,黑客帝国,https://movie.douban.com/subject/1291843/,https://img1.doubanio.com/view/photo/s_ratio_poster/public/p451926968.jpg,9.1,751871人评价,视觉革命。
54,海蒂和爷爷,https://movie.douban.com/subject/25958717/,https://img9.doubanio.com/view/photo/s_ratio_poster/public/p2554525534.jpg,9.3,465417人评价,如果生活中有什么使你感到快乐，那就去做吧！不要管别人说什么。
55,大闹天宫,https://movie.douban.com/subject/1418019/,https://img1.doubanio.com/view/photo/s_ratio_poster/public/p2184505167.jpg,9.4,377190人评价,经典之作，历久弥新。
56,辩护人,https://movie.douban.com/subject/21937445/,https://img9.doubanio.com/view/photo/s_ratio_poster/public/p2158166535.jpg,9.2,533705人评价,电影的现实意义大过电影本身。
57,教父2,https://movie.douban.com/subject/1299131/,https://img1.doubanio.com/view/photo/s_ratio_poster/public/p2194138787.jpg,9.2,478910人评价,优雅的孤独。
58,死亡诗社,https://movie.douban.com/subject/1291548/,https://img3.doubanio.com/view/photo/s_ratio_poster/public/p2575465690.jpg,9.1,625354人评价,当一个死水般的体制内出现一个活跃的变数时，所有的腐臭都站在了光明的对面。
59,狮子王,https://movie.douban.com/subject/1301753/,https://img1.doubanio.com/view/photo/s_ratio_poster/public/p2277799019.jpg,9.1,742636人评价,动物版《哈姆雷特》。
60,绿皮书,https://movie.douban.com/subject/27060077/,https://img2.doubanio.com/view/photo/s_ratio_poster/public/p2549177902.jpg,8.9,1424099人评价,去除成见，需要勇气。
61,搏击俱乐部,https://movie.douban.com/subject/1292000/,https://img1.doubanio.com/view/photo/s_ratio_poster/public/p1910926158.jpg,9.0,758205人评价,邪恶与平庸蛰伏于同一个母体，在特定的时间互相对峙。
62,饮食男女,https://movie.douban.com/subject/1291818/,https://img2.doubanio.com/view/photo/s_ratio_poster/public/p1910899751.jpg,9.2,540689人评价,人生不能像做菜，把所有的料都准备好了才下锅。
63,美丽心灵,https://movie.douban.com/subject/1306029/,https://img3.doubanio.com/view/photo/s_ratio_poster/public/p1665997400.jpg,9.1,683151人评价,爱是一切逻辑和原由。
64,本杰明·巴顿奇事,https://movie.douban.com/subject/1485260/,https://img2.doubanio.com/view/photo/s_ratio_poster/public/p2192535722.jpg,9.0,879200人评价,在时间之河里感受溺水之苦。
65,窃听风暴,https://movie.douban.com/subject/1900841/,https://img1.doubanio.com/view/photo/s_ratio_poster/public/p1808872109.jpg,9.2,501807人评价,别样人生。
66,情书,https://movie.douban.com/subject/1292220/,https://img3.doubanio.com/view/photo/s_ratio_poster/public/p2648230660.jpg,8.9,952104人评价,暗恋的极致。
67,两杆大烟枪,https://movie.douban.com/subject/1293350/,https://img1.doubanio.com/view/photo/s_ratio_poster/public/p792443418.jpg,9.1,537188人评价,4个臭皮匠顶个诸葛亮，盖·里奇果然不是盖的。
68,穿条纹睡衣的男孩,https://movie.douban.com/subject/3008247/,https://img2.doubanio.com/view/photo/s_ratio_poster/public/p1473670352.jpg,9.2,480335人评价,尽管有些不切实际的幻想，这部电影依旧是一部感人肺腑的佳作。
69,西西里的美丽传说,https://movie.douban.com/subject/1292402/,https://img1.doubanio.com/view/photo/s_ratio_poster/public/p2441988159.jpg,8.9,872178人评价,美丽无罪。
70,看不见的客人,https://movie.douban.com/subject/26580232/,https://img9.doubanio.com/view/photo/s_ratio_poster/public/p2498971355.jpg,8.8,1107802人评价,你以为你以为的就是你以为的。
71,拯救大兵瑞恩,https://movie.douban.com/subject/1292849/,https://img9.doubanio.com/view/photo/s_ratio_poster/public/p1014542496.jpg,9.1,578482人评价,美利坚精神输出大片No1.
72,飞越疯人院,https://movie.douban.com/subject/1292224/,https://img1.doubanio.com/view/photo/s_ratio_poster/public/p792238287.jpg,9.1,500646人评价,自由万岁。
73,音乐之声,https://movie.douban.com/subject/1294408/,https://img1.doubanio.com/view/photo/s_ratio_poster/public/p453788577.jpg,9.1,535129人评价,用音乐化解仇恨，让歌声串起美好。
74,小鞋子,https://movie.douban.com/subject/1303021/,https://img9.doubanio.com/view/photo/s_ratio_poster/public/p2165511465.jpg,9.2,363559人评价,奔跑的孩子是天使。
75,阿凡达,https://movie.douban.com/subject/1652587/,https://img2.doubanio.com/view/photo/s_ratio_poster/public/p2634997853.jpg,8.8,1243842人评价,绝对意义上的美轮美奂。
76,海豚湾,https://movie.douban.com/subject/3442220/,https://img1.doubanio.com/view/photo/s_ratio_poster/public/p2559579779.jpg,9.3,331033人评价,海豚的微笑，是世界上最高明的伪装。
77,哈利·波特与死亡圣器(下),https://movie.douban.com/subject/3011235/,https://img2.doubanio.com/view/photo/s_ratio_poster/public/p917846733.jpg,8.9,721963人评价,10年的完美句点。
78,沉默的羔羊,https://movie.douban.com/subject/1293544/,https://img1.doubanio.com/view/photo/s_ratio_poster/public/p1593414327.jpg,8.9,778551人评价,安东尼·霍普金斯的顶级表演。
79,致命魔术,https://movie.douban.com/subject/1780330/,https://img9.doubanio.com/view/photo/s_ratio_poster/public/p480383375.jpg,8.9,766216人评价,孪生蝙蝠侠大战克隆金刚狼。
80,禁闭岛,https://movie.douban.com/subject/2334904/,https://img1.doubanio.com/view/photo/s_ratio_poster/public/p450262388.jpg,8.8,857156人评价,昔日翩翩少年，今日大腹便便。
81,美国往事,https://movie.douban.com/subject/1292262/,https://img1.doubanio.com/view/photo/s_ratio_poster/public/p477229647.jpg,9.2,368046人评价,往事如烟，无处祭奠。
82,布达佩斯大饭店,https://movie.douban.com/subject/11525673/,https://img2.doubanio.com/view/photo/s_ratio_poster/public/p2178872593.jpg,8.9,809107人评价,小清新的故事里注入了大历史的情怀。
83,蝴蝶效应,https://movie.douban.com/subject/1292343/,https://img1.doubanio.com/view/photo/s_ratio_poster/public/p2209066019.jpg,8.8,834450人评价,人的命运被自己瞬间的抉择改变。
84,心灵捕手,https://movie.douban.com/subject/1292656/,https://img9.doubanio.com/view/photo/s_ratio_poster/public/p480965695.jpg,8.9,631108人评价,人生中应该拥有这样的一段豁然开朗。
85,低俗小说,https://movie.douban.com/subject/1291832/,https://img2.doubanio.com/view/photo/s_ratio_poster/public/p1910902213.jpg,8.9,741090人评价,故事的高级讲法。
86,春光乍泄,https://movie.douban.com/subject/1292679/,https://img2.doubanio.com/view/photo/s_ratio_poster/public/p465939041.jpg,9.0,558799人评价,爱情纠缠，男女一致。
87,摩登时代,https://movie.douban.com/subject/1294371/,https://img1.doubanio.com/view/photo/s_ratio_poster/public/p2263408369.jpg,9.3,263206人评价,大时代中的人生，小人物的悲喜。
88,七宗罪,https://movie.douban.com/subject/1292223/,https://img9.doubanio.com/view/photo/s_ratio_poster/public/p2219586434.jpg,8.8,854638人评价,警察抓小偷，老鼠玩死猫。
89,喜剧之王,https://movie.douban.com/subject/1302425/,https://img1.doubanio.com/view/photo/s_ratio_poster/public/p2579932167.jpg,8.8,859196人评价,我是一个演员。
90,致命ID,https://movie.douban.com/subject/1297192/,https://img9.doubanio.com/view/photo/s_ratio_poster/public/p2558364386.jpg,8.8,722158人评价,最不可能的那个人永远是最可能的。
91,杀人回忆,https://movie.douban.com/subject/1300299/,https://img3.doubanio.com/view/photo/s_ratio_poster/public/p1633113220.jpg,8.9,615909人评价,关于连环杀人悬案的集体回忆。
92,被嫌弃的松子的一生,https://movie.douban.com/subject/1787291/,https://img9.doubanio.com/view/photo/s_ratio_poster/public/p884763596.jpg,8.9,642507人评价,以戏谑来戏谑戏谑。
93,加勒比海盗,https://movie.douban.com/subject/1298070/,https://img9.doubanio.com/view/photo/s_ratio_poster/public/p1596085504.jpg,8.8,769339人评价,约翰尼·德普的独角戏。
94,功夫,https://movie.douban.com/subject/1291543/,https://img1.doubanio.com/view/photo/s_ratio_poster/public/p2219011938.jpg,8.7,952044人评价,警恶惩奸，维护世界和平这个任务就交给你了，好吗？
95,红辣椒,https://movie.douban.com/subject/1865703/,https://img3.doubanio.com/view/photo/s_ratio_poster/public/p456825720.jpg,9.0,390551人评价,梦的勾结。
96,哈利·波特与阿兹卡班的囚徒,https://movie.douban.com/subject/1291544/,https://img1.doubanio.com/view/photo/s_ratio_poster/public/p1910812549.jpg,8.9,607944人评价,不一样的导演，不一样的哈利·波特。
97,超脱,https://movie.douban.com/subject/5322596/,https://img2.doubanio.com/view/photo/s_ratio_poster/public/p1305562621.jpg,9.0,479969人评价,穷尽一生，我们要学会的，不过是彼此拥抱。
98,狩猎,https://movie.douban.com/subject/6985810/,https://img1.doubanio.com/view/photo/s_ratio_poster/public/p1546987967.jpg,9.1,337594人评价,人言可畏。
99,请以你的名字呼唤我,https://movie.douban.com/subject/26799731/,https://img3.doubanio.com/view/photo/s_ratio_poster/public/p2505525050.jpg,8.9,627268人评价,沉醉在电影的情感和视听氛围中无法自拔。
100,剪刀手爱德华,https://movie.douban.com/subject/1292370/,https://img1.doubanio.com/view/photo/s_ratio_poster/public/p480956937.jpg,8.7,953922人评价,浪漫忧郁的成人童话。
101,7号房的礼物,https://movie.douban.com/subject/10777687/,https://img9.doubanio.com/view/photo/s_ratio_poster/public/p1816276065.jpg,8.9,490484人评价,《我是山姆》的《美丽人生》。
102,勇敢的心,https://movie.douban.com/subject/1294639/,https://img1.doubanio.com/view/photo/s_ratio_poster/public/p2004174709.jpg,8.9,518374人评价,史诗大片的典范。
103,断背山,https://movie.douban.com/subject/1418834/,https://img1.doubanio.com/view/photo/s_ratio_poster/public/p2604889017.jpg,8.8,642145人评价,每个人心中都有一座断背山。
104,唐伯虎点秋香,https://movie.douban.com/subject/1306249/,https://img9.doubanio.com/view/photo/s_ratio_poster/public/p2357915564.jpg,8.7,950530人评价,华太师是黄霑，吴镇宇四大才子之一。
105,天使爱美丽,https://movie.douban.com/subject/1292215/,https://img2.doubanio.com/view/photo/s_ratio_poster/public/p2447590313.jpg,8.7,894146人评价,法式小清新。 
106,第六感,https://movie.douban.com/subject/1297630/,https://img9.doubanio.com/view/photo/s_ratio_poster/public/p2220184425.jpg,8.9,493736人评价,深入内心的恐怖，出人意料的结局。
107,入殓师,https://movie.douban.com/subject/2149806/,https://img9.doubanio.com/view/photo/s_ratio_poster/public/p2707581855.jpg,8.9,581507人评价,死可能是一道门，逝去并不是终结，而是超越，走向下一程。
108,幽灵公主,https://movie.douban.com/subject/1297359/,https://img9.doubanio.com/view/photo/s_ratio_poster/public/p1613191025.jpg,8.9,471847人评价,人与自然的战争史诗。
109,重庆森林,https://movie.douban.com/subject/1291999/,https://img2.doubanio.com/view/photo/s_ratio_poster/public/p792381411.jpg,8.8,711141人评价,寂寞没有期限。
110,爱在黎明破晓前,https://movie.douban.com/subject/1296339/,https://img9.doubanio.com/view/photo/s_ratio_poster/public/p2555762374.jpg,8.8,580989人评价,缘分是个连绵词，最美不过一瞬。
111,哈利·波特与密室,https://movie.douban.com/subject/1296996/,https://img3.doubanio.com/view/photo/s_ratio_poster/public/p1082651990.jpg,8.8,634277人评价,魔法的密室之门已打开...
112,小森林 夏秋篇,https://movie.douban.com/subject/25814705/,https://img2.doubanio.com/view/photo/s_ratio_poster/public/p2564498893.jpg,9.0,379248人评价,那些静得只能听见呼吸的日子里，你明白孤独即生活。
113,一一,https://movie.douban.com/subject/1292434/,https://img2.doubanio.com/view/photo/s_ratio_poster/public/p2567845803.jpg,9.1,324860人评价,我们都曾经是一一。
114,阳光灿烂的日子,https://movie.douban.com/subject/1291875/,https://img9.doubanio.com/view/photo/s_ratio_poster/public/p2564685215.jpg,8.8,550391人评价,一场华丽的意淫。
115,蝙蝠侠：黑暗骑士崛起,https://movie.douban.com/subject/3395373/,https://img9.doubanio.com/view/photo/s_ratio_poster/public/p1706428744.jpg,8.8,637076人评价,诺兰就是保证。
116,菊次郎的夏天,https://movie.douban.com/subject/1293359/,https://img9.doubanio.com/view/photo/s_ratio_poster/public/p2620392435.jpg,8.9,522184人评价,从没见过那么流氓的温柔，从没见过那么温柔的流氓。
117,超能陆战队,https://movie.douban.com/subject/11026735/,https://img2.doubanio.com/view/photo/s_ratio_poster/public/p2614500883.jpg,8.7,901549人评价,Balalala~~~
118,无人知晓,https://movie.douban.com/subject/1292337/,https://img2.doubanio.com/view/photo/s_ratio_poster/public/p661160053.jpg,9.1,274905人评价,我的平常生活就是他人的幸福。
119,消失的爱人,https://movie.douban.com/subject/21318488/,https://img9.doubanio.com/view/photo/s_ratio_poster/public/p2221768894.jpg,8.7,820426人评价,年度最佳date movie。
120,完美的世界,https://movie.douban.com/subject/1300992/,https://img1.doubanio.com/view/photo/s_ratio_poster/public/p2190556408.jpg,9.1,269077人评价,坏人的好总是比好人的好来得更感人。
121,爱在日落黄昏时,https://movie.douban.com/subject/1291990/,https://img1.doubanio.com/view/photo/s_ratio_poster/public/p2561542458.jpg,8.9,478918人评价,九年后的重逢是世俗和责任的交叠，没了悸动和青涩，沧桑而温暖。
122,小森林 冬春篇,https://movie.douban.com/subject/25814707/,https://img1.doubanio.com/view/photo/s_ratio_poster/public/p2215147728.jpg,9.0,339601人评价,尊敬他人，尊敬你生活的这片土地，明白孤独是人生的常态。
123,倩女幽魂,https://movie.douban.com/subject/1297447/,https://img9.doubanio.com/view/photo/s_ratio_poster/public/p2414157745.jpg,8.8,655985人评价,两张绝世的脸。 
124,借东西的小人阿莉埃蒂,https://movie.douban.com/subject/4202302/,https://img9.doubanio.com/view/photo/s_ratio_poster/public/p617533616.jpg,8.9,487638人评价,曾经的那段美好会沉淀为一辈子的记忆。
125,甜蜜蜜,https://movie.douban.com/subject/1305164/,https://img9.doubanio.com/view/photo/s_ratio_poster/public/p2223011274.jpg,8.9,465661人评价,相逢只要一瞬间，等待却像是一辈子。
126,侧耳倾听,https://movie.douban.com/subject/1297052/,https://img2.doubanio.com/view/photo/s_ratio_poster/public/p456692072.jpg,8.9,410164人评价,少女情怀总是诗。
127,萤火之森,https://movie.douban.com/subject/5989818/,https://img2.doubanio.com/view/photo/s_ratio_poster/public/p1675053073.jpg,8.9,467338人评价,触不到的恋人。
128,幸福终点站,https://movie.douban.com/subject/1292274/,https://img1.doubanio.com/view/photo/s_ratio_poster/public/p854757687.jpg,8.8,496548人评价,有时候幸福需要等一等。 
129,驯龙高手,https://movie.douban.com/subject/2353023/,https://img9.doubanio.com/view/photo/s_ratio_poster/public/p2210954024.jpg,8.7,678429人评价,和谐的生活离不开摸头与被摸头。
130,时空恋旅人,https://movie.douban.com/subject/10577869/,https://img9.doubanio.com/view/photo/s_ratio_poster/public/p2070153774.jpg,8.8,563193人评价,把每天当作最后一天般珍惜度过，积极拥抱生活，就是幸福。
131,玛丽和马克思,https://movie.douban.com/subject/3072124/,https://img9.doubanio.com/view/photo/s_ratio_poster/public/p488255145.jpg,8.9,389944人评价,你是我最好的朋友，你是我唯一的朋友 。
132,怪兽电力公司,https://movie.douban.com/subject/1291579/,https://img1.doubanio.com/view/photo/s_ratio_poster/public/p2513247938.jpg,8.7,589416人评价,不要给它起名字，起了名字就有感情了。
133,大鱼,https://movie.douban.com/subject/1291545/,https://img9.doubanio.com/view/photo/s_ratio_poster/public/p692813374.jpg,8.8,512854人评价,抱着梦想而活着的人是幸福的，怀抱梦想而死去的人是不朽的。
134,告白,https://movie.douban.com/subject/4268598/,https://img9.doubanio.com/view/photo/s_ratio_poster/public/p689520756.jpg,8.8,615504人评价,没有一人完全善，也没有一人完全恶。
135,教父3,https://movie.douban.com/subject/1294240/,https://img2.doubanio.com/view/photo/s_ratio_poster/public/p2169664351.jpg,9.0,322347人评价,任何信念的力量，都无法改变命运。
136,一个叫欧维的男人决定去死,https://movie.douban.com/subject/26628357/,https://img2.doubanio.com/view/photo/s_ratio_poster/public/p2406624993.jpg,8.9,395346人评价,惠及一生的美丽。
137,阳光姐妹淘,https://movie.douban.com/subject/4917726/,https://img1.doubanio.com/view/photo/s_ratio_poster/public/p1374786017.jpg,8.8,546987人评价,再多各自牛逼的时光，也比不上一起傻逼的岁月。 
138,神偷奶爸,https://movie.douban.com/subject/3287562/,https://img1.doubanio.com/view/photo/s_ratio_poster/public/p792776858.jpg,8.6,856747人评价,Mr. I Don't Care其实也有Care的时候。
139,傲慢与偏见,https://movie.douban.com/subject/1418200/,https://img1.doubanio.com/view/photo/s_ratio_poster/public/p2016401659.jpg,8.7,701750人评价,爱是摈弃傲慢与偏见之后的曙光。
140,玩具总动员3,https://movie.douban.com/subject/1858711/,https://img1.doubanio.com/view/photo/s_ratio_poster/public/p1283675359.jpg,8.9,453545人评价,跨度十五年的欢乐与泪水。
141,射雕英雄传之东成西就,https://movie.douban.com/subject/1316510/,https://img9.doubanio.com/view/photo/s_ratio_poster/public/p2609063925.jpg,8.7,571633人评价,百看不厌。 
142,釜山行,https://movie.douban.com/subject/25986180/,https://img1.doubanio.com/view/photo/s_ratio_poster/public/p2360940399.jpg,8.6,1064152人评价,揭露人性的丧尸题材力作。
143,恐怖直播,https://movie.douban.com/subject/21360417/,https://img1.doubanio.com/view/photo/s_ratio_poster/public/p2054744538.jpg,8.7,582218人评价,恐怖分子的“秋菊打官司”。
144,寄生虫,https://movie.douban.com/subject/27010768/,https://img3.doubanio.com/view/photo/s_ratio_poster/public/p2561439800.jpg,8.8,1224380人评价,
145,被解救的姜戈,https://movie.douban.com/subject/6307447/,https://img1.doubanio.com/view/photo/s_ratio_poster/public/p1800813767.jpg,8.8,540612人评价,热血沸腾，那个低俗、性感的无耻混蛋又来了。
146,未麻的部屋,https://movie.douban.com/subject/1395091/,https://img2.doubanio.com/view/photo/s_ratio_poster/public/p1351050722.jpg,9.0,272492人评价,好的剧本是，就算你猜到了结局也猜不到全部。
147,哪吒闹海,https://movie.douban.com/subject/1307315/,https://img9.doubanio.com/view/photo/s_ratio_poster/public/p2532803206.jpg,9.1,227330人评价,想你时你在闹海。
148,血战钢锯岭,https://movie.douban.com/subject/26325320/,https://img1.doubanio.com/view/photo/s_ratio_poster/public/p2398141939.jpg,8.7,709684人评价,优秀的战争片不会美化战场，不会粉饰死亡，不会矮化敌人，不会无视常识，最重要的，不会宣扬战争。
149,头号玩家,https://movie.douban.com/subject/4920389/,https://img1.doubanio.com/view/photo/s_ratio_poster/public/p2516578307.jpg,8.7,1224857人评价,写给影迷，动漫迷和游戏迷的一封情书。
150,我是山姆,https://movie.douban.com/subject/1306861/,https://img9.doubanio.com/view/photo/s_ratio_poster/public/p652417775.jpg,9.0,291692人评价,爱并不需要智商 。
151,哈利·波特与火焰杯,https://movie.douban.com/subject/1309055/,https://img9.doubanio.com/view/photo/s_ratio_poster/public/p735391084.jpg,8.7,551204人评价,
152,七武士,https://movie.douban.com/subject/1295399/,https://img9.doubanio.com/view/photo/s_ratio_poster/public/p2215886505.jpg,9.3,172633人评价,时代悲歌。
153,新世界,https://movie.douban.com/subject/10437779/,https://img1.doubanio.com/view/photo/s_ratio_poster/public/p1903379979.jpg,8.9,345466人评价,要做就做得狠一点，这样才能活下去。
154,喜宴,https://movie.douban.com/subject/1303037/,https://img1.doubanio.com/view/photo/s_ratio_poster/public/p2249048907.jpg,8.9,308642人评价,中国家庭的喜怒哀乐忍。
155,模仿游戏,https://movie.douban.com/subject/10463953/,https://img2.doubanio.com/view/photo/s_ratio_poster/public/p2255040492.jpg,8.7,559621人评价,他给机器起名“克里斯托弗”，因为这是他初恋的名字。
156,黑客帝国3：矩阵革命,https://movie.douban.com/subject/1302467/,https://img1.doubanio.com/view/photo/s_ratio_poster/public/p443461818.jpg,8.8,402450人评价,不得不说，《黑客帝国》系列是商业片与科幻、哲学完美结合的典范。
157,电锯惊魂,https://movie.douban.com/subject/1417598/,https://img9.doubanio.com/view/photo/s_ratio_poster/public/p726839485.jpg,8.7,468633人评价,真相就在眼前。
158,花样年华,https://movie.douban.com/subject/1291557/,https://img9.doubanio.com/view/photo/s_ratio_poster/public/p1910828286.jpg,8.7,524067人评价,偷情本没有这样美。
159,三块广告牌,https://movie.douban.com/subject/26611804/,https://img1.doubanio.com/view/photo/s_ratio_poster/public/p2510081688.jpg,8.7,739792人评价,怼天怼地，你走后，她与世界为敌。
160,卢旺达饭店,https://movie.douban.com/subject/1291822/,https://img2.doubanio.com/view/photo/s_ratio_poster/public/p470419493.jpg,8.9,288355人评价,当这个世界闭上双眼，他却敞开了怀抱。
161,头脑特工队,https://movie.douban.com/subject/10533913/,https://img9.doubanio.com/view/photo/s_ratio_poster/public/p2266293606.jpg,8.8,535437人评价,愿我们都不用长大，每一座城堡都能永远存在。
162,你的名字。,https://movie.douban.com/subject/26683290/,https://img1.doubanio.com/view/photo/s_ratio_poster/public/p2395733377.jpg,8.5,1238227人评价,穿越错位的时空，仰望陨落的星辰，你没留下你的名字，我却无法忘记那句“我爱你”。
163,疯狂原始人,https://movie.douban.com/subject/1907966/,https://img1.doubanio.com/view/photo/s_ratio_poster/public/p1867084027.jpg,8.7,761762人评价,老少皆宜，这就是好莱坞动画的魅力。
164,上帝之城,https://movie.douban.com/subject/1292208/,https://img3.doubanio.com/view/photo/s_ratio_poster/public/p455677490.jpg,9.0,273417人评价,被上帝抛弃了的上帝之城。
165,达拉斯买家俱乐部,https://movie.douban.com/subject/1793929/,https://img1.doubanio.com/view/photo/s_ratio_poster/public/p2166160837.jpg,8.8,403662人评价,Jared Leto的腿比女人还美！
166,谍影重重3,https://movie.douban.com/subject/1578507/,https://img1.doubanio.com/view/photo/s_ratio_poster/public/p792223507.jpg,8.8,377556人评价,像吃了苏打饼一样干脆的电影。
167,风之谷,https://movie.douban.com/subject/1291585/,https://img2.doubanio.com/view/photo/s_ratio_poster/public/p1917567652.jpg,8.9,324957人评价,动画片的圣经。
168,英雄本色,https://movie.douban.com/subject/1297574/,https://img1.doubanio.com/view/photo/s_ratio_poster/public/p2504997087.jpg,8.6,470310人评价,英雄泪短，兄弟情长。 
169,心迷宫,https://movie.douban.com/subject/25917973/,https://img9.doubanio.com/view/photo/s_ratio_poster/public/p2276780256.jpg,8.7,453174人评价,荒诞讽刺，千奇百巧，抽丝剥茧，百转千回。
170,纵横四海,https://movie.douban.com/subject/1295409/,https://img1.doubanio.com/view/photo/s_ratio_poster/public/p2597918718.jpg,8.8,370879人评价,香港浪漫主义警匪动作片的巅峰之作。
171,惊魂记,https://movie.douban.com/subject/1293181/,https://img9.doubanio.com/view/photo/s_ratio_poster/public/p1021883305.jpg,9.0,241026人评价,故事的反转与反转，分裂电影的始祖。
172,岁月神偷,https://movie.douban.com/subject/3792799/,https://img2.doubanio.com/view/photo/s_ratio_poster/public/p456666151.jpg,8.7,531772人评价,岁月流逝，来日可追。
173,九品芝麻官,https://movie.douban.com/subject/1297518/,https://img3.doubanio.com/view/photo/s_ratio_poster/public/p648370300.jpg,8.6,571110人评价,
174,记忆碎片,https://movie.douban.com/subject/1304447/,https://img2.doubanio.com/view/photo/s_ratio_poster/public/p641688453.jpg,8.7,545595人评价,一个针管引发的血案。
175,海街日记,https://movie.douban.com/subject/25895901/,https://img1.doubanio.com/view/photo/s_ratio_poster/public/p2603364117.jpg,8.8,387681人评价,是枝裕和的家庭习作。
176,忠犬八公物语,https://movie.douban.com/subject/1959195/,https://img9.doubanio.com/view/photo/s_ratio_poster/public/p2603716224.jpg,9.2,171527人评价,养狗三日，便会对你终其一生。
177,荒蛮故事,https://movie.douban.com/subject/24750126/,https://img2.doubanio.com/view/photo/s_ratio_poster/public/p2584519452.jpg,8.8,392124人评价,始于荒诞，止于更荒诞。
178,绿里奇迹,https://movie.douban.com/subject/1300374/,https://img2.doubanio.com/view/photo/s_ratio_poster/public/p767586451.jpg,8.9,281006人评价,天使暂时离开。
179,爆裂鼓手,https://movie.douban.com/subject/25773932/,https://img2.doubanio.com/view/photo/s_ratio_poster/public/p2220776342.jpg,8.7,511120人评价,这个世界从不善待努力的人，努力了也不一定会成功，但是知道自己在努力，就是活下去的动力。
180,爱在午夜降临前,https://movie.douban.com/subject/10808442/,https://img1.doubanio.com/view/photo/s_ratio_poster/public/p2074715729.jpg,8.8,334828人评价,所谓爱情，就是话唠一路，都不会心生腻烦，彼此嫌弃。
181,贫民窟的百万富翁,https://movie.douban.com/subject/2209573/,https://img3.doubanio.com/view/photo/s_ratio_poster/public/p2434249040.jpg,8.6,677899人评价,上帝之城+猜火车+阿甘正传+开心辞典=山寨富翁
182,真爱至上,https://movie.douban.com/subject/1292401/,https://img3.doubanio.com/view/photo/s_ratio_poster/public/p475600770.jpg,8.6,658813人评价,爱，是个动词。
183,小偷家族,https://movie.douban.com/subject/27622447/,https://img9.doubanio.com/view/photo/s_ratio_poster/public/p2530599636.jpg,8.7,740060人评价,我们组成了家。
184,东邪西毒,https://movie.douban.com/subject/1292328/,https://img2.doubanio.com/view/photo/s_ratio_poster/public/p1982176012.jpg,8.6,522692人评价,电影诗。
185,无敌破坏王,https://movie.douban.com/subject/6534248/,https://img9.doubanio.com/view/photo/s_ratio_poster/public/p1735642656.jpg,8.7,476270人评价,迪士尼和皮克斯拿错剧本的产物。
186,疯狂的石头,https://movie.douban.com/subject/1862151/,https://img2.doubanio.com/view/photo/s_ratio_poster/public/p712241453.jpg,8.5,725558人评价,中国版《两杆大烟枪》。
187,色，戒,https://movie.douban.com/subject/1828115/,https://img9.doubanio.com/view/photo/s_ratio_poster/public/p453716305.jpg,8.6,655148人评价,假戏真情，爱欲深海
188,冰川时代,https://movie.douban.com/subject/1291578/,https://img1.doubanio.com/view/photo/s_ratio_poster/public/p1910895719.jpg,8.6,552162人评价,松鼠才是角儿。
189,黑天鹅,https://movie.douban.com/subject/1978709/,https://img9.doubanio.com/view/photo/s_ratio_poster/public/p2549648344.jpg,8.6,724060人评价,黑暗之美。
190,你看起来好像很好吃,https://movie.douban.com/subject/4848115/,https://img2.doubanio.com/view/photo/s_ratio_poster/public/p709670262.jpg,8.9,298770人评价,感情不分食草或者食肉。
191,恐怖游轮,https://movie.douban.com/subject/3011051/,https://img9.doubanio.com/view/photo/s_ratio_poster/public/p462470694.jpg,8.5,738471人评价,不要企图在重复中寻找已经失去的爱。
192,雨中曲,https://movie.douban.com/subject/1293460/,https://img9.doubanio.com/view/photo/s_ratio_poster/public/p1612355875.jpg,9.1,189834人评价,骨灰级歌舞片。
193,雨人,https://movie.douban.com/subject/1291870/,https://img2.doubanio.com/view/photo/s_ratio_poster/public/p2353324612.jpg,8.7,365397人评价,生活在自己的世界里，也可以让周围的人显得可笑和渺小。
194,恋恋笔记本,https://movie.douban.com/subject/1309163/,https://img9.doubanio.com/view/photo/s_ratio_poster/public/p483604864.jpg,8.6,593389人评价,爱情没有那么多借口，如果不能圆满，只能说明爱的不够。 
195,2001太空漫游,https://movie.douban.com/subject/1292226/,https://img9.doubanio.com/view/photo/s_ratio_poster/public/p2560717825.jpg,8.9,273371人评价,现代科幻电影的开山之作，最伟大导演的最伟大影片。
196,魔女宅急便,https://movie.douban.com/subject/1307811/,https://img2.doubanio.com/view/photo/s_ratio_poster/public/p456676352.jpg,8.7,407446人评价,宫崎骏的电影总让人感觉世界是美好的，阳光明媚的。
197,萤火虫之墓,https://movie.douban.com/subject/1293318/,https://img1.doubanio.com/view/photo/s_ratio_poster/public/p2237136718.jpg,8.7,373827人评价,幸福是生生不息，却难以触及的远。 
198,城市之光,https://movie.douban.com/subject/1293908/,https://img1.doubanio.com/view/photo/s_ratio_poster/public/p2170238828.jpg,9.3,124897人评价,永远的小人物，伟大的卓别林。
199,可可西里,https://movie.douban.com/subject/1308857/,https://img9.doubanio.com/view/photo/s_ratio_poster/public/p2363208684.jpg,8.8,267036人评价,坚硬的信仰。
200,遗愿清单,https://movie.douban.com/subject/1867345/,https://img1.doubanio.com/view/photo/s_ratio_poster/public/p1481879628.jpg,8.7,381050人评价,用剩余不多的时间，去燃烧整个生命。
201,虎口脱险,https://movie.douban.com/subject/1296909/,https://img2.doubanio.com/view/photo/s_ratio_poster/public/p2399597512.jpg,8.9,222203人评价,永远看不腻的喜剧。
202,大佛普拉斯,https://movie.douban.com/subject/27059130/,https://img2.doubanio.com/view/photo/s_ratio_poster/public/p2505928032.jpg,8.7,384408人评价,人们可以登上月球，却永远无法探索人们内心的宇宙。
203,人工智能,https://movie.douban.com/subject/1302827/,https://img1.doubanio.com/view/photo/s_ratio_poster/public/p792257137.jpg,8.7,394731人评价,对爱的执着，可以超越一切。
204,初恋这件小事,https://movie.douban.com/subject/4739952/,https://img2.doubanio.com/view/photo/s_ratio_poster/public/p1505312273.jpg,8.4,902834人评价,黑小鸭速效美白记。
205,牯岭街少年杀人事件,https://movie.douban.com/subject/1292329/,https://img9.doubanio.com/view/photo/s_ratio_poster/public/p848381236.jpg,8.9,244984人评价,弱者送给弱者的一刀。
206,源代码,https://movie.douban.com/subject/3075287/,https://img9.doubanio.com/view/photo/s_ratio_poster/public/p988260245.jpg,8.5,751267人评价,邓肯·琼斯继《月球》之后再度奉献出一部精彩绝伦的科幻佳作。
207,无间道2,https://movie.douban.com/subject/1307106/,https://img3.doubanio.com/view/photo/s_ratio_poster/public/p958008320.jpg,8.7,397916人评价,
208,海边的曼彻斯特,https://movie.douban.com/subject/25980443/,https://img9.doubanio.com/view/photo/s_ratio_poster/public/p2421855655.jpg,8.6,441735人评价,我们都有权利不与自己的过去和解。
209,茶馆,https://movie.douban.com/subject/1461403/,https://img9.doubanio.com/view/photo/s_ratio_poster/public/p2528965424.jpg,9.5,94024人评价,
210,罗生门,https://movie.douban.com/subject/1291879/,https://img2.doubanio.com/view/photo/s_ratio_poster/public/p1598883511.jpg,8.8,276969人评价,人生的N种可能性。
211,终结者2：审判日,https://movie.douban.com/subject/1291844/,https://img9.doubanio.com/view/photo/s_ratio_poster/public/p1910909085.jpg,8.8,307343人评价,少见的超越首部的续集，动作片中的经典。
212,东京教父,https://movie.douban.com/subject/1310177/,https://img1.doubanio.com/view/photo/s_ratio_poster/public/p456703618.jpg,9.0,178912人评价,
213,二十二,https://movie.douban.com/subject/26430107/,https://img1.doubanio.com/view/photo/s_ratio_poster/public/p2457609817.jpg,8.7,268887人评价,有一些东西不应该被遗忘。
214,奇迹男孩,https://movie.douban.com/subject/26787574/,https://img1.doubanio.com/view/photo/s_ratio_poster/public/p2507709428.jpg,8.6,505458人评价,世界不完美，爱会有奇迹。
215,青蛇,https://movie.douban.com/subject/1303394/,https://img2.doubanio.com/view/photo/s_ratio_poster/public/p2570901292.jpg,8.6,464754人评价,人生如此，浮生如斯。谁人言，花彼岸，此生情长意短。谁都是不懂爱的罢了。
216,背靠背，脸对脸,https://movie.douban.com/subject/1307856/,https://img1.doubanio.com/view/photo/s_ratio_poster/public/p2505048077.jpg,9.5,96921人评价,
217,房间,https://movie.douban.com/subject/25724855/,https://img9.doubanio.com/view/photo/s_ratio_poster/public/p2259715855.jpg,8.8,340396人评价,被偷走的岁月，被伤害的生命，被禁锢的灵魂，终将被希望和善意救赎。
218,新龙门客栈,https://movie.douban.com/subject/1292287/,https://img1.doubanio.com/view/photo/s_ratio_poster/public/p1421018669.jpg,8.6,394431人评价,嬉笑怒骂，调风动月。
219,疯狂的麦克斯4：狂暴之路,https://movie.douban.com/subject/3592854/,https://img2.doubanio.com/view/photo/s_ratio_poster/public/p2236181653.jpg,8.6,468433人评价,“多么美好的一天！”轰轰轰砰咚，啪哒哒哒轰隆隆，磅~
220,波西米亚狂想曲,https://movie.douban.com/subject/5300054/,https://img2.doubanio.com/view/photo/s_ratio_poster/public/p2549558913.jpg,8.6,528325人评价,
221,小丑,https://movie.douban.com/subject/27119724/,https://img9.doubanio.com/view/photo/s_ratio_poster/public/p2567198874.jpg,8.7,893709人评价,
222,无耻混蛋,https://movie.douban.com/subject/1438652/,https://img1.doubanio.com/view/photo/s_ratio_poster/public/p2575043939.jpg,8.6,423477人评价,昆汀同学越来越变态了，比北野武还杜琪峰。
223,魂断蓝桥,https://movie.douban.com/subject/1293964/,https://img1.doubanio.com/view/photo/s_ratio_poster/public/p2351134499.jpg,8.8,247664人评价,中国式内在的美国电影。
224,血钻,https://movie.douban.com/subject/1428175/,https://img2.doubanio.com/view/photo/s_ratio_poster/public/p1244017073.jpg,8.7,334186人评价,每个美丽事物背后都是滴血的现实。
225,步履不停,https://movie.douban.com/subject/2222996/,https://img1.doubanio.com/view/photo/s_ratio_poster/public/p2375245718.jpg,8.8,244514人评价,日本的家庭电影已经是世界巅峰了，步履不停是巅峰中的佳作。
226,黑客帝国2：重装上阵,https://movie.douban.com/subject/1304141/,https://img3.doubanio.com/view/photo/s_ratio_poster/public/p443461390.jpg,8.7,363998人评价,一个精彩的世界观正在缓缓建立。
227,千钧一发,https://movie.douban.com/subject/1300117/,https://img9.doubanio.com/view/photo/s_ratio_poster/public/p2195672555.jpg,8.8,250090人评价,一部能引人思考的科幻励志片。
228,彗星来的那一夜,https://movie.douban.com/subject/25807345/,https://img9.doubanio.com/view/photo/s_ratio_poster/public/p2187896734.jpg,8.5,489989人评价,小成本大魅力。
229,战争之王,https://movie.douban.com/subject/1419936/,https://img2.doubanio.com/view/photo/s_ratio_poster/public/p792282381.jpg,8.7,322808人评价,做一颗让别人需要你的棋子。
230,崖上的波妞,https://movie.douban.com/subject/1959877/,https://img1.doubanio.com/view/photo/s_ratio_poster/public/p2627847859.jpg,8.6,420516人评价,
231,燃情岁月,https://movie.douban.com/subject/1295865/,https://img1.doubanio.com/view/photo/s_ratio_poster/public/p1023654037.jpg,8.8,259253人评价,传奇，不是每个人都可以拥有。
232,谍影重重2,https://movie.douban.com/subject/1308767/,https://img9.doubanio.com/view/photo/s_ratio_poster/public/p667644866.jpg,8.7,316667人评价,谁说王家卫镜头很晃？
233,爱乐之城,https://movie.douban.com/subject/25934014/,https://img9.doubanio.com/view/photo/s_ratio_poster/public/p2395517414.jpg,8.4,764685人评价,
234,海洋,https://movie.douban.com/subject/3443389/,https://img9.doubanio.com/view/photo/s_ratio_poster/public/p2559581324.jpg,9.1,146908人评价,大海啊，不全是水。
235,阿飞正传,https://movie.douban.com/subject/1305690/,https://img2.doubanio.com/view/photo/s_ratio_poster/public/p2525770523.jpg,8.5,449132人评价,王家卫是一种风格，张国荣是一个代表。
236,谍影重重,https://movie.douban.com/subject/1304102/,https://img2.doubanio.com/view/photo/s_ratio_poster/public/p1597183981.jpg,8.6,380166人评价,哗啦啦啦啦，天在下雨，哗啦啦啦啦，云在哭泣……找自己。
237,穿越时空的少女,https://movie.douban.com/subject/1937946/,https://img9.doubanio.com/view/photo/s_ratio_poster/public/p2079334286.jpg,8.6,346608人评价,爱上未来的你。 
238,再次出发之纽约遇见你,https://movie.douban.com/subject/6874403/,https://img2.doubanio.com/view/photo/s_ratio_poster/public/p2250287733.jpg,8.6,383199人评价,爱我就给我看你的播放列表。
239,香水,https://movie.douban.com/subject/1760622/,https://img2.doubanio.com/view/photo/s_ratio_poster/public/p2571500223.jpg,8.5,497106人评价,一个单凭体香达到高潮的男人。
240,地球上的星星,https://movie.douban.com/subject/2363506/,https://img1.doubanio.com/view/photo/s_ratio_poster/public/p2197897857.jpg,8.9,185271人评价,天使保护事件始末。
241,我爱你,https://movie.douban.com/subject/5908478/,https://img1.doubanio.com/view/photo/s_ratio_poster/public/p1075591188.jpg,9.1,148430人评价,你要相信，这世上真的有爱存在，不管在什么年纪 
242,朗读者,https://movie.douban.com/subject/2213597/,https://img1.doubanio.com/view/photo/s_ratio_poster/public/p1140984198.jpg,8.6,418784人评价,当爱情跨越年龄的界限，它似乎能变得更久远一点，成为一种责任，一种水到渠成的相濡以沫。 
243,完美陌生人,https://movie.douban.com/subject/26614893/,https://img9.doubanio.com/view/photo/s_ratio_poster/public/p2522331945.jpg,8.5,480964人评价,来啊，互相伤害啊！
244,火星救援,https://movie.douban.com/subject/25864085/,https://img2.doubanio.com/view/photo/s_ratio_poster/public/p2280097442.jpg,8.5,632288人评价,
245,末路狂花,https://movie.douban.com/subject/1291992/,https://img9.doubanio.com/view/photo/s_ratio_poster/public/p1910924635.jpg,8.8,202330人评价,没有了退路，只好飞向自由。
246,千年女优,https://movie.douban.com/subject/1307394/,https://img9.doubanio.com/view/photo/s_ratio_poster/public/p2215102596.jpg,8.8,217219人评价,爱情是一场没有尽头的虚幻追逐。
247,聚焦,https://movie.douban.com/subject/25954475/,https://img1.doubanio.com/view/photo/s_ratio_poster/public/p2263822658.jpg,8.8,249234人评价,新闻人的理性求真。
248,驴得水,https://movie.douban.com/subject/25921812/,https://img2.doubanio.com/view/photo/s_ratio_poster/public/p2393044761.jpg,8.3,831730人评价,过去的如果就让它过去了，未来只会越来越糟！
249,小萝莉的猴神大叔,https://movie.douban.com/subject/26393561/,https://img9.doubanio.com/view/photo/s_ratio_poster/public/p2510956726.jpg,8.4,444595人评价,宝莱坞的萝莉与大叔。
250,浪潮,https://movie.douban.com/subject/2297265/,https://img2.doubanio.com/view/photo/s_ratio_poster/public/p1344888983.jpg,8.7,245384人评价,世界离独裁只有五天。
