楼盘名称,开发商名称,是否售空,销售单价,楼盘性质
禹洲泊朗廷,浙江舜鸿房地产开发有限公司,在售,236.89-460万/套,住宅
珺楠府,临安中天房地产开发有限公司,在售,240万/套,住宅
华景川云萃天和城,杭州富阳景莱房地产开发有限公司,在售,170-210万/套,住宅
杭曜之城,杭州融荣房地产开发有限公司,在售,246-344万/套,住宅
华景川湖沁宸园,杭州景科房地产开发有限公司,在售,160-230万/套,住宅
赞成星谷,杭州润庆置业有限公司,在售,100-188万/套,商业类
同协金座,杭州同达置业有限公司,在售,138-210万/套,商业类
蓝城久宸里,浙江久光房地产开发有限公司,在售,1785-3600万/套,商业类
云悦湾,杭州盛寅房地产开发有限公司,在售,130-239万/套,商业类
世茂西溪宸悦,杭州禾睿房地产开发有限公司,在售,220-385万/套,商业类
天目观山月,临安置润房产开发有限公司,在售,63-90万/套,住宅
大华春山明月,浙江大华房地产开发有限公司,在售,540-1020万/套,别墅
云水山居,杭州金宇房地产开发有限公司,在售,240-576万/套,住宅
万科玖望,杭州富阳永通房地产开发有限公司,在售,194万/套,住宅
世茂智慧之门,杭州世茂瑞盈置业有限公司 ,在售,27000元/㎡,写字楼
中铁建国际公馆,中铁房地产集团华东有限公司,在售,140-180万/套,商业类
银杏汇,杭州德城置业有限公司,在售,5500万/套,住宅
复地壹中心,杭州复曼达置业有限公司,在售,127万/套,商业类
宋都阳光国际,浙江东霖房地产开发有限公司,在售,1108-1800万/套,住宅
中港西湖院子,杭州中港绿泰房地产开发有限公司,在售,880-1300万/套,别墅
嘉合未来金座,杭州嘉合置业有限公司,在售,110-120万/套,商业类
奥城望,莱茵达（桐庐）体育发展有限公司,在售,190万/套,住宅
印虹滨府,杭州南光置业有限公司,在售,275-284万/套,住宅
德信金科泊岸江宸轩,杭州德信朝阳置业有限公司,在售,183-232万/套,住宅
绿地潮悦江山城,杭州绿港置业有限公司,在售,245-390万/套,住宅
世京云峯,杭州之江城银房地产开发有限公司,在售,145万/套,商业类
国开东方凤凰台,杭州丽湖房地产开发有限公司,在售,135万/套,底商
众安IOC潮悦公馆（杭州国际办公中心）,恒利企业管理（杭州）有限公司,在售,274-2000万/套,商业类
荣上青云府,杭州荣上房地产有限公司,在售,120-125万/套,住宅
杭房城发润如园,杭州越祥房地产有限公司,在售,394万/套,住宅
新力启云府,杭州力尚房地产开发有限公司,待售,180-312万/套,住宅
碧桂园招商珺悦家园,杭州元玺置业有限公司,在售,125-200万/套,住宅
香里湾,杭州圣域嘉房地产开发有限公司,在售,74-128万/套,住宅
融信旭辉湘湖悦章,杭州融晅房地产开发有限公司,在售,价格待定,底商
杭房首望澜翠府,杭州翠祥房地产有限公司,在售,386-800万/套,别墅
蓝城恒伟江南山庄,浙江恒伟房地产开发有限公司,在售,155-212万/套,住宅
奥城望,莱茵达（桐庐）体育发展有限公司,在售,价格待定,别墅
金宸金座,杭州珑帝置业有限公司,在售,65-95万/套,商业类
越秀归悦里,杭州越嘉房地产开发有限公司,在售,192.24-194.02万/套,住宅
世茂国风大境,杭州临安同人置业有限公司,在售,450-1067.26万/套,别墅
杭州大悦城,浙江和润天成置业有限公司,在售,600万/套,商业
梦溪东明山居,杭州梦溪房地产开发有限公司,在售,1077-1376万/套,别墅
富春玫瑰园,杭州华滋绿城房地产有限公司,在售,840-1800万/套,别墅
金骏大厦,杭州金骏房地产开发有限公司,在售,100万/套,写字楼
九龙仓雍景山,富汇房地产开发（富阳）有限公司 ,在售,267-420万/套,别墅
浅山,淳安怡和置业有限公司,在售,98-190万/套,住宅
滨湖天地,杭州新天地集团有限公司,在售,238-350万/套,住宅
万通中心,杭州万通时尚置业有限公司,在售,497万/套,写字楼
诺德财富中心,浙江正凯置业有限公司,在售,1198万/套,写字楼
钱江浙商创投中心,浙江浙创置业有限公司,在售,320万/套,写字楼
佳源未来府,杭州蓝源置业有限公司,在售,600万/套,商业
钱塘ONE,杭州汇辉置业有限公司,在售,110-520万/套,商业类
众安恒隆广场,浙江众安房地产开发有限公司,在售,228万/套,写字楼
时间名座玺寓,杭州加悦都实业有限公司,在售,80-120万/套,商业类
鼎和金座,杭州禹禾房地产开发有限公司,在售,90-100万/套,商业类
悦青蓝,杭州万胜房地产开发有限公司,待售,价格待定,住宅
公元帝景,杭州帝凯房地产开发有限公司,在售,513-966万/套,别墅
东海闲湖城,杭州东海春房地产开发有限公司,待售,700万/套,别墅
易辰江南大院,杭州易辰房地产开发有限公司,在售,349-361万/套,别墅
文渊狮城,杭州千岛湖新天地文化发展有限公司,在售,503-650万/套,别墅
颐和山庄,杭州青城房地产开发有限公司,在售,195-335万/套,住宅
颐和山庄,杭州青城房地产开发有限公司,待售,620万/套,别墅
佳源锦晟里,杭州铭源房地产开发有限公司,在售,106-194万/套,住宅
荣上青云府,杭州荣上房地产有限公司,在售,195-300万/套,别墅
中交保利江语云城,中交城投富春湾（杭州）置业开发有限公司,在售,155-188万/套,住宅
澳海百合云泽赋,杭州澳瀚房地产开发有限公司,在售,96-146万/套,住宅
蓝城恒伟江南山庄,浙江恒伟房地产开发有限公司,在售,400万/套,别墅
天阳众安·云栖奇岭,杭州天奇置业有限公司,在售,238-550万/套,别墅
竹悦山水轩,临安云海置业有限公司,在售,360万/套,别墅
越秀归悦里,杭州越嘉房地产开发有限公司,在售,486.5万/套,别墅
新天地金色时光,未知开发商,待售,31000元/㎡,底商
北上星云府,杭州美润房地产有限公司,在售,32000元/㎡,底商
航城悦府,杭州康金房地产开发有限公司,在售,45-85万/套,住宅
严州誉境府,杭州新城英冠房地产开发有限公司,在售,400-426万/套,别墅
望朝中心,浙江诚稻置业有限公司,在售,40000元/㎡,写字楼
富春望,杭州江悦郡置业有限公司,在售,500-600万/套,住宅
银泰城泰悦府,淳安银泰置地有限公司,在售,190-310万/套,住宅
品庐东岸,杭州京庐实业有限公司,在售,379万/套,别墅
东投悦荣府,杭州铭伦实业有限公司,在售,151-227万/套,住宅
中海国际中心,杭州世茂世盈房地产开发有限公司,在售,23000元/㎡,写字楼
越秀星悦城,杭州越秀房地产开发有限公司,在售,210-280万/套,住宅
九龙仓雍景山,富汇房地产开发（富阳）有限公司,在售,294万/套,住宅
佳源优樾, 浙江佳源房地产集团有限公司,在售,229-244万/套,住宅
中交财富中心,未知开发商,在售,485万/套,写字楼
东部之星,杭州东部大学科技园建设有限公司,在售,107万/套,商业类
万融城,浙江万融置业有限公司,在售,156万/套,写字楼
天骄香槟郡,浙江天骄置业有限公司,在售,336-480万/套,别墅
绿城云栖桃花源,杭州绿城银湖置业有限公司,在售,1200-1500万/套,别墅
华夏之心,杭州宝力康华置业有限公司,在售,150-180万/套,商业类
万科公望,杭州富阳万科房地产开发有限公司,在售,1100-1500万/套,别墅
奥克斯时代未来之城,杭州奥克斯置业有限公司,在售,575万/套,写字楼
祥生云湖城,杭州祥生弘达房地产开发有限公司,在售,243-280万/套,住宅
山水时代,杭州龙都置业有限公司,在售,280-380万/套,商业类
励骏花园,杭州励骏置业有限公司,在售,399万/套,住宅
春江山居,杭州爱丽娜房地产开发有限公司,在售,72-119万/套,住宅
禹洲滨澜铭座,中维地产浙江有限公司,在售,98-162万/套,商业类
金马高悦府,桐庐桐鑫房地产开发有限公司,在售,175万/套,住宅
易辰江南大院,杭州易辰房地产开发有限公司,待售,186万/套,住宅
富力御江山小区,杭州冠富房地产开发有限公司,在售,108万/套,住宅
汇高栢悦中心,杭州汇高置地有限公司,在售,193万/套,写字楼
云安小镇,杭州青山湖森林硅谷开发有限公司,在售,87-320万/套,商业类
嘉裕天城,杭州远邦房地产开发有限公司,在售,173-270万/套,住宅
地铁万科杭行道,杭州商庭房地产开发有限公司,在售,110万/套,商业类
世茂西溪宸悦,杭州禾睿房地产开发有限公司,在售,300万/套,商业
绿城青亭商铺,杭州望云房地产开发有限公司,待售,价格待定,商业
云都汇中心,杭州名宸置业有限公司,在售,98-120万/套,商业类
铂瑞悦府,杭州龙合实业有限公司,在售,143-200万/套,商业类
傲旋城,杭州恒兴置业有限公司,在售,398-400万/套,住宅
融创森与海之城,杭州融阳政房地产开发有限公司,在售,135-169万/套,住宅
启迪协信科技城,杭州启迪协信建塘科技发展有限公司,在售,120-260万/套,商业类
五幸银座,杭州西江置业有限公司,在售,113万/套,商业类
海威天地,杭州融威置业有限公司,在售,210万/套,商业类
云上金铭府,杭州景扬置业有限公司,在售,195-275万/套,住宅
奥体朝龙汇,杭州国逸实业有限公司,在售,1500万/套,写字楼
华夏之心,未知开发商,在售,300万/套,写字楼
美的西径晓风,杭州美煜房地产发展有限公司,在售,162.692-202.424万/套,住宅
美的西径晓风,杭州美煜房地产发展有限公司,在售,310-470万/套,别墅
之江潮,杭州骏功置业有限公司,在售,158-331万/套,商业类
中骏临栖云府,杭州嘉怡置业有限公司,在售,190-220万/套,住宅
新湖金色池塘,杭州新湖鸬鸟置业有限公司,在售,194万/套,住宅
新湖金色池塘,杭州新湖鸬鸟置业有限公司,在售,260万/套,别墅
国开东方锦城学府,杭州轩湖房地产开发有限公司,在售,182-263万/套,住宅
绿都鉴未来,杭州睿都置业有限公司,在售,250万/套,底商
水岸华府,杭州融旺房地产开发有限公司,在售,129-151万/套,住宅
富阳宸光悦,杭州祥生弘腾房地产开发有限公司,在售,250万/套,住宅
景顺铂悦城,杭州望景置业有限公司,在售,98-182万/套,商业类
锦和云水江南,杭州精文文广投资有限公司,在售,280-380万/套,别墅
东亚溪雅香舍,杭州嘉缘房地产开发有限公司,在售,75-139万/套,住宅
千岛湖绿城桂语江南,杭州汤姆房地产开发有限公司,在售,137-185万/套,住宅
融信美好宝龙锦云澜天里,杭州美生美置业有限公司,在售,170-175万/套,住宅
凤凰府邸,杭州越城房地产开发有限公司,在售,481-483万/套,别墅
碧桂园万科悦望名邸,杭州富耀置业有限公司,在售,486-660万/套,别墅
镜象西湖,杭州世腾置业有限公司,在售,130-370万/套,商业类
赞成星谷,杭州润庆置业有限公司,在售,160万/套,底商
傲旋城,杭州恒兴置业有限公司,在售,316万/套,商业类
融创融耀之城,杭州昌茂置业有限公司,待售,213-252万/套,住宅
江滨公望大厦,杭州公望置业有限公司,在售,132万/套,商业类
柳岸晓风新都,尚雅置业（杭州）有限公司,在售,175-220万/套,住宅
柳岸晓风新都,尚雅置业（杭州）有限公司,在售,266-315万/套,别墅
玲珑郡,杭州君元数字科技有限公司,在售,53.697-65.036万/套,商业类
华策中心,浙江影视产业国际合作实验区西溪实业有限公司,在售,402万/套,写字楼
柳溪湾,杭州临安佳伟房地产开发有限公司,在售,40-118万/套,住宅
朗诗溪涧雅庐,杭州临安朗茂置业有限公司,在售,120-168万/套,住宅
春江山居,杭州爱丽娜房地产开发有限公司,在售,450万/套,别墅
运河万科中心,杭州祥瑞汽车产业园开发有限公司,在售,140万/套,写字楼
滨虹商务中心,杭州新天地集团有限公司,在售,55万/套,商业
中城汇MIDTOWN,杭州万璟置业有限公司,在售,122-140万/套,商业类
紫荆辰光,杭州成禾房地产开发有限公司,在售,187-310万/套,商业类
绿地亚洲公园,杭州绿地锦城房地产开发有限公司,待售,270-426万/套,别墅
融创港印中心,杭州圆汇投资置业有限公司,在售,150万/套,底商
绿城青亭,杭州望云房地产开发有限公司,在售,130-135万/套,商业类
星光荟,杭州汇和置业有限公司,在售,140万/套,商业
中冶锦绣公馆,杭州中冶名锦房地产开发有限公司,待售,价格待定,住宅
中冶锦绣公馆,杭州中冶名锦房地产开发有限公司,在售,650-1700万/套,商业类
恒大御泉四季,杭州盛建置业有限公司,在售,40-88万/套,住宅
紫荆辰光, 杭州成禾房地产开发有限公司,在售,181万/套,商业
悦湖湾花园,杭州千岛湖浙远房地产开发有限公司,在售,160-180万/套,住宅
北辰奥园,杭州北辰置业有限公司,在售,240万/套,底商
竹悦山水轩,临安云海置业有限公司,在售,70-106万/套,住宅
钱塘ONE,杭州汇辉置业有限公司,在售,140万/套,底商
泰禾野风大城小院,富阳野风乐多房地产开发有限公司,在售,850万/套,别墅
星云,浙江信维信息科技有限公司,在售,95-135万/套,商业类
永和之星,浙江永和房地产开发有限公司,在售,72-126万/套,商业类
临平新时代,浙江杭报金都创意产业发展有限公司,在售,78-155万/套,商业类
运河印,浙江万融置业有限公司,在售,115-320万/套,商业类
绿地商业中心,绿地控股集团杭州东城房地产开发有限公司,在售,140-420万/套,商业类
招商越秀公园1872,招商局地产（杭州）有限公司,在售,200万/套,商业
东方世贸城,杭州温商机电实业有限公司,在售,89万/套,商业
宋都时间名座,杭州加悦都实业有限公司,在售,2800万/套,商业
白鹭郡西,杭州林庐房地产开发有限公司 ,在售,3500万/套,别墅
万通中心,杭州万通时尚置业有限公司,在售,350万/套,商业
盈都吾角商业中心,杭州盈坤置业有限公司,在售,96-130万/套,商业类
世包国际中心,亚洲包装中心有限公司,在售,1161万/套,写字楼
天骄香槟郡,浙江天骄置业有限公司,在售,86-113万/套,住宅
飘鹰富春江花苑,桐庐飘鹰置业有限公司,在售,132-187万/套,住宅
云水山居,杭州金宇房地产开发有限公司,在售,530-745万/套,别墅
山南印,杭州泰悦置业有限公司,在售,1026万/套,写字楼
奥体万科中心,浙江华运信德房地产开发有限公司,在售,1200万/套,写字楼
富力湖滨悦居,广州富力地产股份有限公司,在售,87万/套,住宅
招商I-Park,未知开发商,在售,198万/套,底商
千岛湖滨江城市之星,淳安千岛湖森垄房地产开发有限公司,在售,160-210万/套,住宅
佳源驭远玖墅,杭州国申房地产开发有限公司,在售,565-898万/套,别墅
越秀星汇中心,杭州越秀房地产开发有限公司,在售,144万/套,写字楼
海威天地,杭州融威置业有限公司,在售,350万/套,底商
佳源岛,淳安汇和房地产开发有限公司,在售,80-130万/套,住宅
星创城映月璟园,浙江星望置业有限公司,待售,290-390万/套,住宅
浅山,淳安怡和置业有限公司,在售,351-358万/套,别墅
杭房首望澜翠府,杭州翠祥房地产有限公司,在售,210-250万/套,住宅
百郦玲珑府,甘建投（杭州）房地产有限公司,在售,365-520万/套,住宅
阳光城檀瑞府,杭州富阳乘光置业有限公司,在售,211-255万/套,住宅
中顺新澜悦,杭州宏晟置业有限公司,在售,100-140万/套,写字楼
弘涵望江月,杭州弘涵房地产开发有限公司,在售,82-103万/套,住宅
七彩星商业中心,嘉凯城城镇化建设发展（余杭星桥）有限公司,在售,200万/套,商业
浅隐云庐,杭州耕织园农业开发有限公司,在售,220-530万/套,别墅
银城青山湖畔,银城地产集团股份有限公司,在售,168-304万/套,住宅
申花印月,中锦联城控股有限公司,在售,100-339万/套,商业类
海悦中心,杭州海悦地产有限公司,在售,91-98万/套,商业类
保利融信和光尘樾,杭州保欣置业有限公司,在售,126万/套,商业类
荣安观江园,绍兴香州置业有限公司,在售,185-330万/套,住宅
金科旭辉上河之城,绍兴金翎置业有限公司,在售,210-270万/套,住宅
德信空港城,杭州空港置业有限公司,在售,70-98万/套,商业类
未来七彩小镇,嘉凯城城镇化建设发展（余杭闲林）有限公司,在售,100万/套,商业
地铁万科五常车辆段上盖,杭州西曙置业有限公司,在售,200万/套,商业
世嘉铭座,杭州新天地集团有限公司,在售,130-300万/套,商业类
凤凰府邸,杭州越城房地产开发有限公司,在售,73-101万/套,住宅
澳海云樾赋,杭州澳澜房地产开发有限公司,在售,105-148万/套,住宅
江山云樾府,杭州祥生弘图房地产开发有限公司,在售,230-335万/套,住宅
润枫东润紫园,淳安润枫房地产开发有限公司,在售,89-158万/套,住宅
赞成武林里,杭州赞成美树置业有限公司,在售,160-270万/套,商业类
湖印宸山庄,浙江暄竺实业有限公司,在售,850-1000万/套,别墅
碧桂园万科悦望名邸,杭州富耀置业有限公司,在售,196万/套,住宅
美麓美座,杭州北麓房地产开发有限公司,在售,95万/套,商业类
港郦中心,杭州港郦置业有限公司,在售,120万/套,商业类
富春金茂星外滩·秦望府,杭州秦茂置业有限公司,在售,275-520万/套,住宅
旭辉珺和府,杭州兴浦置业有限公司,在售,129-175万/套,住宅
滨江旭辉滨旭府,杭州兴塘置业有限公司,在售,227-290万/套,住宅
樟宜翠湾,杭州锦宁置业有限公司,在售,265-297万/套,住宅
奥莱金街,杭州九耀置业有限公司,在售,140-265万/套,商业类
地铁万科彩虹天空之城,杭州南璟置业有限公司,在售,308-392万/套,住宅
天樾四季城,杭州运塘房地产开发有限公司,在售,190-217万/套,住宅
绿城桂语新月,杭州绿城浙诗置业有限公司,在售,190-270万/套,住宅
绿城江上臻园,杭州绿城浙渊置业有限公司,在售,360万/套,住宅
绿城江畔锦园,杭州绿城银湖置业有限公司,在售,250-350万/套,住宅
朗诗溪涧雅庐,杭州临安朗茂置业有限公司,在售,240-430万/套,别墅
花栖云境里,招商局地产（杭州）有限公司,在售,215-236万/套,住宅
恒福禹都,浙江恒伟房地产开发有限公司,在售,112-186万/套,住宅
恒福禹都,浙江恒伟房地产开发有限公司,在售,441-540万/套,别墅
桃语春福里,杭州博临房地产开发有限公司,在售,80-130万/套,住宅
桃语春福里,杭州博临房地产开发有限公司,在售,价格待定,别墅
汇港城,杭州星日房地产开发有限公司,在售,125-235万/套,商业类
金汇之城,杭州弘汇房地产有限公司,在售,75-93万/套,商业类
中天大家宸澜学府,杭州嘉溪房地产开发有限公司,在售,150-200万/套,住宅
同乔里,杭州国翔置业有限公司,在售,236-414万/套,住宅
弘元江山潮鸣,建德弘耀置业有限公司,在售,100-190万/套,住宅
佳源山湖印二期,杭州临安锦海房地产开发有限责任公司,在售,150-180万/套,住宅
祥生中心,杭州祥生弘瑞房地产开发有限公司,在售,180-280万/套,商业类
祥生中心,杭州祥生弘瑞房地产开发有限公司,在售,200万/套,商业
西投德信云湖印,杭州西投德信商业发展有限公司,在售,1000万/套,商业
Mo.C星辉时光城,杭州航民科尔置业有限公司,在售,60-160万/套,商业类
建杭江与河,浙江建杭置业有限公司,在售,2300-2500万/套,商业类
融信美好宝龙锦云澜天里,杭州美生美置业有限公司,在售,60万/套,底商
悦江府,桐庐信恒房地产开发有限公司,在售,58-113万/套,住宅
招商德信云望之宸,杭州德信春望置业有限公司,在售,237-290万/套,住宅
星著柏悦府,杭州敏骏房地产开发有限责任公司,在售,203-317万/套,住宅
杭州光谷国际中心,杭州光谷高新集团有限公司,在售,100-137万/套,商业类
中融蓝城Co.C理想城,杭州中融控股集团有限公司,在售,100-150万/套,商业类
桐庐金色港湾度假村,杭州金色港湾旅游开发有限公司,在售,268万/套,住宅
五幸金座,杭州西江置业有限公司,在售,100-130万/套,商业类
中天宸望,杭州嘉珺房地产开发有限公司,在售,245-275万/套,住宅
云溪别院,杭州桐庐熙林房地产开发有限责任公司,在售,128-130万/套,住宅
鼓山晟林商业中心,浙江淳安华丝实业有限公司,在售,92-202万/套,商业类
中天溪珺庭,杭州嘉弘房地产开发有限公司,在售,100-216万/套,住宅
西投滨江云栖名筑,杭州西江横桥置业有限公司,在售,700-1000万/套,商业类
西房良语云缦,杭州鑫骋置业有限公司,在售,270-396万/套,住宅
融创云辰富源里,杭州富阳融驰置业有限公司,在售,264-384万/套,住宅
同进韵动城,浙江中证置业有限公司,在售,125-145.6万/套,商业类
苏荷汇,杭州市地铁集团有限责任公司,在售,165-460万/套,商业类
美的滨湖翠邸,杭州美钰房地产发展有限公司,在售,180-318万/套,住宅
联发阳光城檀境里,杭州联毓房地产开发有限公司,在售,172-245万/套,住宅
亚奥城西区,华润置地（杭州）发展有限公司,在售,140万/套,写字楼
广宇东润大厦,浙江上东房地产开发有限公司,在售,190-380万/套,商业类
翠苑荟,杭州和高置业有限公司,在售,500万/套,底商
龙大悦江府,杭州龙大洋安房地产有限公司,在售,价格待定,别墅
西溪印,杭州星溪置业有限公司,在售,55000元/㎡,写字楼
龙潭渡·云湖湾,浙江分水龙潭渡文创产业发展有限公司,在售,145-190万/套,别墅
德信中南江山云起院,德信地产集团有限公司,在售,133-168万/套,住宅
德信中南江山云起院,德信地产集团有限公司,在售,310-330万/套,别墅
龙大悦江府,杭州龙大洋安房地产有限公司,在售,180-240万/套,住宅
世茂国风源赋,杭州茂荣房地产开发有限公司,在售,550万/套,别墅
地铁万科五常车辆段上盖,杭州西曙置业有限公司,在售,188万/套,商业类
枫柏兰庭,杭州潜府远创房地产开发有限公司,在售,108-155万/套,住宅
伟业熙境府,杭州隽伟置业有限公司,在售,200万/套,底商
悦湖湾花园,杭州千岛湖浙远房地产开发有限公司,在售,290-350万/套,别墅
山澜桂语轩,杭州绿城浙兴置业有限公司,在售,290-335万/套,住宅
首开东城金茂府,兴茂置业（杭州）有限公司,在售,400万/套,底商
圆尊府,杭州圆宁科技有限公司,在售,价格待定,别墅
滨江半岛印象二期,杭州千岛湖滨翠海岸房地产开发有限公司,在售,106-135万/套,住宅
美的滨湖翠邸,杭州美钰房地产发展有限公司,待售,价格待定,底商
三盛大家汝悦美境府,杭州萧麟置业有限公司,在售,200万/套,底商
半山林畔商务中心,杭州半山半岛置业有限公司,在售,1800万/套,商业
绿城千岛湖湖畔澄庐,杭州绿城浙韵置业有限公司,在售,130-210万/套,住宅
绿城千岛湖湖畔澄庐,杭州绿城浙韵置业有限公司,在售,328-347万/套,别墅
宋都如意云庐,杭州逸都房地产开发有限公司,在售,110万/套,底商
嘉裕天城,杭州远邦房地产开发有限公司,在售,50万/套,商业类
樟宜翠湾,杭州锦宁置业有限公司,在售,117万/套,底商
龙坞茗筑,浙江蓝绿茶业发展有限公司,在售,1400-3200万/套,商业
雨润星雨华府三期,杭州众汇置业有限公司,在售,172-221.11万/套,住宅
樾臻府,杭州锦虹房地产开发有限公司,在售,116-150万/套,住宅
锦上悦华里,华凌置地（杭州）有限公司,在售,160.02-207万/套,住宅
瑶琳华庭,杭州凯全实业有限公司,在售,58-90万/套,住宅
宇洋观山樾,桐庐桐辉置业有限公司,在售,75-125万/套,住宅
融悦天辰府,杭州融旺房地产开发有限公司,在售,105-159万/套,住宅
嘉品美寓,杭州申睿物流科技有限公司,在售,202-300万/套,住宅
德信赋富春云庄,杭州德信桐林置业有限公司,在售,180-300万/套,住宅
德信赋富春云庄,杭州德信桐林置业有限公司,在售,513-551万/套,别墅
绿城蓝庭西区,杭州余杭金腾房地产开发有限公司,在售,10000万/套,商业
望湖尚城,杭州聚泓置业有限公司,在售,420万/套,商业
文宸望府,杭州德信所前置业有限公司,在售,208-260万/套,住宅
三迪雅颂美筑,杭州迪航置业发展有限公司,在售,130-160万/套,住宅
江山风华邻里中心,杭州金运房地产开发有限公司,在售,210万/套,商业
玲珑湾,淳安千岛湖益新房地产开发有限公司,在售,60-70万/套,商业类
德信新希望长粼之宸,杭州锦灏置业有限公司,在售,345-385万/套,住宅
城市蓝湾,杭州宸泰房地产开发有限公司,在售,95-140万/套,住宅
翠悦半岛,杭州赞成金御房地产开发有限公司,在售,410-437万/套,住宅
翠悦半岛,杭州赞成金御房地产开发有限公司,在售,540万/套,别墅
辰春澜城,杭州北辰京阳置业有限公司,在售,180-250万/套,住宅
国开东方锦城学府,杭州轩湖房地产开发有限公司,在售,65万/套,底商
众安明彩城,浙江众都置业有限公司,在售,40000元/㎡,底商
申花印月,中锦联城控股有限公司,在售,210万/套,底商
赞成武林里,杭州赞成美树置业有限公司,在售,270万/套,底商
杭州富力中心,杭州富力房地产开发有限公司,在售,价格待定,底商
兴耀樱漫里,杭州星漾置业有限公司,在售,160.2-244.8万/套,住宅
新安明月府,杭州辰居置业有限公司,在售,151-204万/套,住宅
新安明月府,杭州辰居置业有限公司,在售,350-430万/套,别墅
富景都会公寓,杭州富阳富茂置业有限公司,在售,99万/套,商业类
富景都会公寓,杭州富阳富茂置业有限公司,在售,169万/套,底商
龙大江景府,杭州龙大洋安房地产有限公司,在售,234-300万/套,住宅
龙大江景府,杭州龙大洋安房地产有限公司,在售,价格待定,别墅
柏源晶舍,杭州绿临房地产开发有限公司,在售,80-250万/套,住宅
杭黄未来社区,融创,在售,147-221万/套,住宅
棠颂大院,杭州青曼置业有限公司,在售,115-196万/套,住宅
大华峰汇华城,杭州熙华房地产开发有限公司,在售,200-270万/套,住宅
如沐清晖城,杭州临安西子房地产开发有限公司,在售,157-270万/套,住宅
绿都中天云屿江月,杭州辉都置业有限公司,在售,160-180万/套,住宅
招商博奥花宸里,招商局地产（杭州）有限公司,待售,价格待定,商业类
杭州国际金融中心,杭州新汇东置业有限公司,待售,1080-1450万/套,住宅
地上衣锦上府,杭州地上房地产集团有限公司,待售,价格待定,住宅
严州云境府,杭州新城骏宏恒锦房地产开发有限公司,待售,价格待定,住宅
平高创业城,平高置业（杭州）有限公司,待售,价格待定,商业类
杭房启润学府,杭州启祥房地产开发有限公司,待售,价格待定,住宅
杭房富春山居湖著观邸,杭州市房地产开发集团有限公司,待售,价格待定,住宅
鲲鹏府,杭州浩都房地产开发有限公司,待售,价格待定,住宅
绿城西溪深蓝,浙江赛智建设有限公司,在售,130-270万/套,商业类
河映云集,杭州中海海跃房地产有限公司,待售,420-600万/套,住宅
建发缦云轩,杭州兆顺房地产有限公司,在售,1600万/套,写字楼
杭珹未来中心,杭州润汀商业地产有限公司,待售,36100元/㎡,住宅
保利都和轩,杭州保源置业有限公司,待售,330-488.4万/套,住宅
天溪半岛,富春江旅游度假区开发有限公司,在售,1000-1900万/套,别墅
绿都中天云屿江月,杭州辉都置业有限公司,在售,420万/套,别墅
月映星语园,杭州星桂置业有限公司,在售,240-334万/套,住宅
春题杭玥府,杭州瑞进合能房地产开发有限公司,在售,270万/套,底商
滨玺云著,杭州信尔置业有限公司,在售,396-498万/套,住宅
桐韵家园,杭州韵致科技有限公司,在售,120-222万/套,住宅
如沐清晖城,杭州临安西子房地产开发有限公司,在售,525-645万/套,别墅
中骏鼎湖未来云城,杭州骏熠置业有限公司,在售,307-541万/套,住宅
华城茶语华邸,杭州华城房地产开发有限公司,在售,270万/套,住宅
兴耀岚漫之城,杭州星淑置业有限公司,在售,192-260万/套,住宅
星创雅望居,杭州融琴置业有限公司,在售,266-356万/套,住宅
洺川名著,杭州弘熠房地产开发有限公司,待售,价格待定,住宅
银泰仙女湖小镇,杭州云石仙女湖置业有限公司,在售,价格待定,别墅
临之锦,杭州轩源实业有限公司,在售,250-380万/套,住宅
融信如澜,杭州融珏实业有限公司,待售,价格待定,住宅
望青府,杭州沃都房地产开发有限公司,待售,价格待定,住宅
耦贤里,杭冠置业（杭州）有限公司,待售,价格待定,住宅
耦贤里,杭冠置业（杭州）有限公司,待售,价格待定,别墅
湖语牧松,杭州鑫澜置业有限公司,在售,360-450万/套,别墅
雨润星雨华府三期,杭州众汇置业有限公司,在售,354-455万/套,别墅
岫町华庭,杭州英蓝置业有限公司,待售,价格待定,住宅
钱潮鸣翠云筑,杭州滨硕实业有限公司,待售,价格待定,写字楼
青西铭府,杭州大江东地产开发有限公司,待售,价格待定,住宅
华海园三期,浙江泛华房地产开发有限责任公司,在售,180-220万/套,商业类
杭辰星万里,杭州星雨置业有限公司,在售,120万/套,商业
华发峰荟荟天府,杭州铧安置业有限公司,在售,203-271万/套,住宅
广宇锦云里,杭州西宇房地产开发有限公司,在售,200-240万/套,住宅
古墩彩虹轩,杭州申源实业有限公司,待售,248万/套,住宅
德金中心,杭州骏兴置业有限公司,在售,800万/套,写字楼
海威领界,杭州弘威置业有限公司,在售,500万/套,商业
荣盛江荣府,杭州荣耀盛灏置业有限公司,在售,453-490万/套,住宅
圆尊府,杭州圆宁科技有限公司,在售,185-270万/套,住宅
新世界江明月朗园,杭州新蕴实业发展有限公司,待售,760.17-1180.67万/套,住宅
翠苑荟,杭州和高置业有限公司,在售,200-500万/套,商业类
世茂国风源赋,杭州茂荣房地产开发有限公司,在售,170-220万/套,住宅
东湖云杉郡,杭州富云置业有限公司,在售,85-150万/套,商业类
兴耀金帝启岸城,杭州星宜置业有限公司,在售,182-203万/套,住宅
佳源山湖印二期,杭州临安锦海房地产开发有限责任公司,待售,价格待定,别墅
阿尔法城,嘉凯城城镇化建设发展（淳安）有限公司,在售,54-88万/套,商业类
保集东麟府,杭州悦湖置业有限公司,在售,90-180万/套,住宅
滨江半岛印象一期,杭州千岛湖滨翠海岸房地产开发有限公司,在售,115-165万/套,住宅
德信博宸君府,浙江连投房地产开发有限公司,在售,245万/套,住宅
玲珑湾,淳安千岛湖益新房地产开发有限公司,在售,65-95万/套,住宅
名门旺府,杭州恒晨置业有限公司,在售,105-145万/套,住宅
金隅会潮悦府,金隅悦潮（杭州）房地产开发有限公司,待售,491-767.25万/套,住宅
德信·临望宸府,杭州德信临滨置业有限公司,在售,159-206万/套,住宅
中天宸锦学府,杭州嘉境房地产开发有限公司,在售,170-175万/套,住宅
裕隆大厦,杭州裕捷置业有限公司,在售,156-280万/套,写字楼
平高创业城,平高置业（杭州）有限公司,在售,116万/套,写字楼
之江明月府,杭州绿金匠心置地有限公司,在售,72-93万/套,住宅
之江明月府,杭州绿金匠心置地有限公司,在售,160-235万/套,别墅
天泱雅筑,杭州星潼置业有限公司,待售,价格待定,写字楼
杭与城,杭州嘉腾交控西站有限公司,待售,价格待定,住宅
枫翠岚湾,杭州滨晨房地产开发有限公司,在售,288-375万/套,住宅
听悦雅庭,杭州新黄浦滨顺房地产开发有限公司,在售,260-320万/套,住宅
紫阅云宸里,杭州嘉颂房地产开发有限公司,在售,400-511万/套,住宅
湖境天宸里,杭州会林盛和置业有限公司,在售,360-460万/套,住宅
湖悦岚湾,杭州滨耀置业有限公司,在售,190-270万/套,住宅
锦上云澜,杭州锦宇房地产开发有限公司,待售,价格待定,住宅
祥生文海府,杭州祥生弘德房地产开发有限公司,待售,价格待定,住宅
滨萃悦府,杭州越文房地产开发有限公司,待售,460-685万/套,住宅
春樾星宸,杭州雅筑房地产开发有限公司,待售,370-460万/套,住宅
棠源美宸,浙江天都实业有限公司,待售,333-408万/套,住宅
浮玉府,杭州铭洲房地产开发有限公司,在售,90万/套,住宅
之彩城,杭州萧山七彩信未来社区开发有限公司,在售,139-209万/套,住宅
万泰华章,杭州万馨房地产开发有限公司,在售,200.6万/套,住宅
宝业凤樾上筑,杭州宝业房地产开发有限公司,待售,价格待定,住宅
广宇塘颂,浙江广宇新城房地产开发有限公司,待售,价格待定,别墅
启航城,杭州大欢置业有限公司,在售,136-229万/套,住宅
杭臻源筑,杭州融塘房地产开发有限公司,在售,400-530万/套,住宅
招商德信.花芸春境府,杭州德信紫丁置业有限公司,待售,406-437万/套,住宅
华家印月,九逸房地产营销策划（杭州）有限公司,在售,1800-2500万/套,写字楼
滨江御滨府,杭州滨音企业管理有限公司,待售,价格待定,写字楼
瑞源邸,杭州众安银晟置业有限公司,在售,195-248万/套,住宅
臻奥院,杭州信达奥体置业有限公司,在售,1200万/套,写字楼
中天翡玥府,杭州瑞盛房地产开发有限公司,在售,155-176万/套,住宅
新希望锦翠栖源,杭州锦棠置业有限公司,在售,1600万/套,住宅
宁望府,杭州滨锦房地产开发有限公司,在售,361.8-475.7万/套,住宅
正荣鹤亭熙青府,正腾置业（杭州）有限公司,待售,价格待定,住宅
瀚悦宸邸,杭州鸿扬投资管理有限公司,待售,价格待定,住宅
沁悦宸轩,杭州鸿扬投资管理有限公司,在售,167-178万/套,住宅
海威天地,杭州融威置业有限公司,在售,240万/套,写字楼
迪凯金座,浙江华峰房地产开发有限公司,在售,422-5000万/套,写字楼
江宸商务中心,杭州钱和置业有限公司,待售,价格待定,商业类
天目山晓城,杭州滨江房产集团股份有限公司,待售,价格待定,别墅
绿城吉祥里,杭州绿城祥宸房地产开发有限公司,在售,900万/套,写字楼
东原东傲城,杭州东望房地产开发有限公司,在售,93万/套,底商
东原东傲城,杭州东望房地产开发有限公司,在售,300万/套,写字楼
浅山明月府,桐庐县金枝房地产开发有限公司,在售,125-135万/套,住宅
地铁万科彩虹天空之城,杭州南璟置业有限公司,在售,200万/套,商业
保亿丽云府,杭州临安曙光商贸有限公司,待售,价格待定,住宅
江晖府,杭州滨建房地产开发有限公司,待售,716-1226万/套,住宅
翠揽云境,杭州中海海犇房地产有限公司,待售,470-660万/套,住宅
佳源快乐,杭州和源置业有限公司,在售,49-55万/套,商业类
天瑄城,杭州龙悦有限公司,在售,1000万/套,写字楼
滨江春宸上府,杭州滨麟置业有限公司,在售,403.09-676.71万/套,住宅
隐舟府,杭州银昇置业有限公司,待售,价格待定,别墅
运晓花望府,杭州北榆房地产开发有限公司,待售,29500元/㎡,住宅
粤港湾·心安江上,广州粤港湾投资有限公司,待售,价格待定,住宅
宸鹭香舍,杭州鑫语置业有限公司,在售,640-830万/套,住宅
海悦中心,杭州海悦地产有限公司,在售,500万/套,写字楼
城北地铁宝龙城市广场,杭州宝龙桃源实业发展有限公司,在售,45000元/㎡,商业
绿城华润晓月映翠,杭州浙怡置业有限公司,在售,557-660万/套,住宅
沥瑞府,杭州新丝路房地产开发有限公司,在售,145-206万/套,住宅
绿城三江明月,德利服饰实业（杭州）有限公司,在售,72-86万/套,商业类
桃源时代,杭州中豪金星置业有限公司,待售,价格待定,写字楼
和兴云合印中心,杭州钱唐商业发展有限公司,待售,价格待定,写字楼
保利融信和光尘樾,杭州保欣置业有限公司,在售,350万/套,底商
星翠芳华府,杭州滨侨房地产开发有限公司,待售,价格待定,住宅
亿联之江心月,杭州拓城置业有限公司,待售,价格待定,写字楼
康迪新座之江印,杭州元山置业有限公司,在售,120万/套,写字楼
兴合望江中心,杭州盛锐建设开发有限公司,在售,400-800万/套,商业类
坤生樾青里,杭州乾富房地产有限公司,待售,价格待定,住宅
湖境观岚湾,杭州星泛置业有限公司,待售,价格待定,住宅
濋玥府,杭州众安锦瑞房地产开发有限公司,待售,价格待定,住宅
咏翠芳华轩,浙江万科坤和房地产开发有限公司,待售,价格待定,住宅
中粮悦著云轩,大悦城控股集团股份有限公司,待售,价格待定,住宅
万科星图光年轩,浙江万科南都房地产有限公司,待售,价格待定,住宅
万科星遇光年府,杭州名城博园置业有限公司,在售,327.6-433.68万/套,住宅
滨江枫汀云邸,杭州滨江房产集团股份有限公司,待售,价格待定,住宅
滨江枫翠云轩,杭州滨江房产集团股份有限公司,待售,价格待定,住宅
滨江枫秀云庭,杭州滨江房产集团股份有限公司,待售,价格待定,住宅
滨江枫岑云湾,杭州滨江房产集团股份有限公司,待售,价格待定,住宅
绿地商业中心,绿地控股集团杭州东城房地产开发有限公司,待售,价格待定,写字楼
隐舟府,杭州银昇置业有限公司,待售,价格待定,住宅
星瓒颂锦府,杭州伟星置业有限公司,待售,505-640万/套,住宅
中南未来里,杭州中璟邦达置业有限公司,在售,230万/套,底商
建发天悦云庐,桐庐兆禧房地产有限公司,在售,214-278万/套,住宅
建发天悦云庐,桐庐兆禧房地产有限公司,在售,价格待定,别墅
棠前嘉座,杭州滨绍房地产开发有限公司,待售,价格待定,写字楼
城北地铁宝龙城市广场,杭州宝龙桃源实业发展有限公司,在售,45000元/㎡,底商
棠颂大院,杭州青曼置业有限公司,在售,500万/套,别墅
蓝城云和里,杭州天坤实业有限公司,在售,900万/套,写字楼
桃李望湖里,杭州桃李湖滨房地产开发有限公司,在售,304-495万/套,住宅
青溪美庐,杭州荣上房地产有限公司,在售,55-92万/套,住宅
青溪美庐,杭州荣上房地产有限公司,待售,价格待定,别墅
华润绿城杭樾润府,华润置地控股有限公司,待售,600万/套,住宅
海威领界,杭州弘威置业有限公司,待售,价格待定,写字楼
龙井院子,杭州绿庭置业发展有限公司,待售,价格待定,别墅
富春御园,杭州香溢春江山居置业有限公司,在售,700-1350万/套,别墅
绿城月映海棠园,绿城房地产集团有限公司,待售,296-390万/套,住宅
绿城燕语海棠轩,绿城房地产集团有限公司,待售,450万/套,住宅
绿城春知海棠苑,绿城房地产集团有限公司,待售,500万/套,住宅
前湾南区,杭州科昇房地产开发有限公司,在售,500万/套,住宅
春咏风荷里,绿城房地产集团有限公司,待售,价格待定,住宅
地上庆樾上府,杭州地上房地产集团有限公司,待售,价格待定,住宅
地上文樾上院,杭州地上房地产集团有限公司,待售,价格待定,住宅
深圳特发澜栖府,深圳市特发房地产开发有限公司,待售,价格待定,住宅
赞成月语和风里,杭州赞成房地产开发有限公司,待售,价格待定,住宅
博策春境前潮府,浙江博策房地产集团有限公司,待售,价格待定,住宅
西投万科·开物创新大厦,杭州西投万科置业有限公司,待售,价格待定,写字楼
众安泽翠居,杭州众璟置业有限公司,待售,价格待定,住宅
晴翠秋时府,杭州春风长住房地产开发有限公司,待售,价格待定,住宅
德信荷禹宸府,杭州德信东来置业有限公司,待售,价格待定,住宅
众安樟源府,杭州众略置业有限公司,待售,价格待定,住宅
德信观奥宸府,杭州德信城芯置业有限公司,待售,价格待定,住宅
萧澜隐翠轩,杭州曙麟置业有限公司,待售,价格待定,住宅
云翠金澜府,杭州骐麟置业有限公司,待售,价格待定,住宅
和颂春风里,杭州浙灵置业有限公司,待售,价格待定,住宅
悦潮云望府,杭州环麟置业有限公司,待售,价格待定,住宅
晨语汀澜里,杭州崇逸置业有限公司,待售,价格待定,住宅
岚荷芸府,杭州众安隆盛城市发展有限公司,待售,价格待定,住宅
兴耀金帝启岸城,杭州星宜置业有限公司,待售,价格待定,底商
城市蓝湾,杭州宸泰房地产开发有限公司,待售,价格待定,别墅
星缦云渚,杭州北汇置业有限公司,待售,价格待定,住宅
久映樾府,杭州驭江置业有限公司,待售,价格待定,住宅
未珂宸铭府,杭州众安杭房房地产开发有限公司,待售,价格待定,住宅
悦汀蓝玉轩,杭州万胜房地产开发有限公司,待售,价格待定,住宅
绿城良渚芯云,万劢德（杭州）数字科技产业发展有限公司,待售,价格待定,写字楼
西投横创商务中心,杭州西投置业有限公司,待售,价格待定,写字楼
清来嘉座,杭州滨园实业有限公司,待售,价格待定,写字楼
未来新湖中心,浙江新湖海创地产发展有限公司,待售,价格待定,写字楼
奥体华悦城,杭州钜宝置业有限公司,待售,价格待定,写字楼
溪谷岚湾,杭州良渚文化村开发有限公司,在售,200万/套,商业
德信御临云峰,杭州德信云昊置业有限公司,待售,价格待定,写字楼
越秀星颂府,杭州越秀房地产开发有限公司,待售,价格待定,住宅
蓝城英冠滨悦城,浙江英冠控股集团有限公司,待售,价格待定,写字楼
绿城莲园,浙江昆源房地产开发有限公司,在售,1239-1260万/套,别墅
悠隐南山,浙江森野房地产开发有限公司,在售,390-686万/套,别墅
盈都新天地,浙江艺博汇家饰城经营管理有限公司,在售,38-70万/套,商业类
碧桂园海上传奇,宁波杭州湾新区碧桂园房地产开发有限公司,在售,124-179万/套,住宅
中旅•锦绣东方,宁波杭州湾新区华旅置业有限公司,在售,111-160万/套,住宅
江南御苑,同焜房地产开发（嘉善）有限公司,在售,116-165万/套,住宅
大地西城美院,绍兴嵊州品冠置业有限公司,在售,110-130万/套,住宅
大地西城美院,绍兴嵊州品冠置业有限公司,在售,290-460万/套,别墅
港中旅和乐小镇,港中旅（安吉）旅游发展有限公司,在售,140-190万/套,住宅
港中旅和乐小镇,港中旅（安吉）旅游发展有限公司,在售,300-360万/套,别墅
鲁能公馆,湖州东信实业投资有限公司,在售,130-140万/套,住宅
阳光城碧桂园玺园,绍兴汀光房地产开发有限公司,在售,365-485万/套,住宅
镜湖之星,绍兴市金翔置业有限公司,在售,70-80万/套,商业类
中旅·海泉湾,宁波杭州湾新区海泉湾旅游开发有限公司,在售,90-160万/套,住宅
洛塘滨河郡,嘉兴诺屹置业有限公司,在售,140万/套,住宅
世外旭辉城,浙江均旭房地产开发有限公司,在售,101-221万/套,住宅
玖境府,湖州金睿置业有限公司,在售,115-155万/套,住宅
宝龙旭辉城,浙江湖州宝辉房地产开发有限公司,在售,110-217万/套,住宅
伟立活力,浙江伟业房产集团有限公司,在售,88万/套,商业类
朗诗绿洲璟院,睿奥（嘉兴）房地产开发有限责任公司,在售,110-161万/套,住宅
和庄云顶,诸暨颐和康养度假产业开发有限公司,在售,250-480万/套,别墅
金樾玖著,绍兴越胜房地产开发有限公司,在售,188-1200万/套,住宅
金辉半岛云著,绍兴启辉置业有限公司,在售,240万/套,住宅
大家湛景.满园,绍兴毓林置业有限公司,在售,400-700万/套,别墅
世茂美的云筑,绍兴茂旭置业有限公司,在售,240-320万/套,住宅
朗臻云溪花语,诸暨市五泄云栖置业有限公司,在售,60-90万/套,住宅
绿地云栖绿庭,嘉兴桐庆置业有限公司,在售,176-195万/套,住宅
华景川融信晴芳园,桐乡市嘉筑置业有限公司,在售,158-220万/套,住宅
奥山国香樾里,嘉兴奥丰房地产开发有限公司,在售,90-151万/套,住宅
枫尚学府,嘉善骏跃房地产开发有限公司,在售,115-188万/套,住宅
金地·明樾华庭,嘉兴同劲置业有限公司,在售,170-250万/套,住宅
锦博学府,嘉善县世纪房产开发有限公司,在售,125-150万/套,住宅
鹃南府,浙江科大实业投资集团有限公司,在售,92-120万/套,住宅
春风棠颂府,绍兴市上虞舜泰房产开发有限公司,在售,230-310万/套,别墅
鸿翔云望,海宁鸿杭置业有限公司,在售,170-470万/套,住宅
弘阳沁澜府,湖州浩源房地产开发有限公司,在售,113-183万/套,住宅
卓越春熙里,湖州卓悦置业有限公司,在售,105-168万/套,住宅
杭州湾融创文旅城·悦海阁,海盐融越置业有限公司,在售,100-130万/套,住宅
万城·杭悦府,浙江万城实业集团有限公司,在售,227-325万/套,住宅
悦汇大厦,绍兴远大房地产开发有限公司,在售,65万/套,商业
蓝城·锦月园,海宁蓝虹置业有限公司,在售,140-220万/套,住宅
华欣春晓园,海宁华欣房产有限公司,在售,80-130万/套,住宅
华欣春晓园,海宁华欣房产有限公司,在售,271-311万/套,别墅
和庄沁园,诸暨颐和置业有限公司,在售,68万/套,商业类
融创江南桃源,湖州海王康山置业发展有限公司,在售,416-680万/套,别墅
万城九悦府,浙江万城实业集团有限公司,在售,124万/套,住宅
星河名府,绍兴金屹房地产开发有限公司,在售,116-132万/套,住宅
鑫康家园,绍兴鑫川置业有限公司,在售,85-102万/套,住宅
鑫康家园,绍兴鑫川置业有限公司,在售,270-310万/套,别墅
绿城濮园杏林苑,桐乡市濮院旅游有限公司,在售,150-213万/套,住宅
绿城濮园翔云苑,桐乡市濮院旅游有限公司,在售,216-241万/套,住宅
江南一品,海盐鸿科地置业有限公司,在售,68-83万/套,住宅
和樾府,绍兴雅宏置业有限公司,在售,240-480万/套,住宅
保亿湖风晓园,保亿悦城（绍兴）房地产开发有限公司,在售,270-360万/套,住宅
鸿翔金桂里,海宁鸿恩置业有限公司,在售,100万/套,住宅
和庄沁园,诸暨颐和置业有限公司,在售,1100万/套,别墅
云锦东方,绍兴益驰置业有限公司,在售,217-314万/套,住宅
会稽云庐,绍兴颐康置业有限公司,在售,400-637万/套,别墅
碧桂园海上风华,宁波碧航房地产开发有限公司,在售,96-170万/套,住宅
宝业云溪里,绍兴柯桥宝红房地产开发有限公司,在售,110-375万/套,住宅
星澜城,绍兴聚嵘置业有限公司,在售,180-325万/套,住宅
和天地商业中心,绍兴可萌房地产开发有限公司,在售,128万/套,商业
龙湖金帝天汇,绍兴龙悦置业有限公司,在售,300-520万/套,住宅
鸿悦府,绍兴鸿裕置业有限公司,在售,69-100万/套,住宅
匠心好园,桐乡市匠心房地产开发有限公司,在售,160.95-162.4万/套,住宅
鸿翔凤语江南,桐乡市鸿辰置业有限公司,在售,140-196万/套,住宅
新邻里广场,嵊州新邻里置业有限公司,在售,66-100万/套,住宅
万城万杭府,浙江万城实业集团有限公司,在售,220-825万/套,住宅
绍兴黄酒小镇,融创,在售,200-550万/套,住宅
江南明月府,绍兴亿晋房地产开发有限公司,在售,180万/套,住宅
绿城濮园梅泾苑,桐乡市濮院旅游有限公司,在售,106-220万/套,住宅
华景川溪上云筑,嘉兴市嘉川房地产开发有限公司,在售,119-175万/套,住宅
中筑名孝府,安吉中筑房地产有限公司,在售,40-94万/套,住宅
华景川溪上云筑,嘉兴市嘉川房地产开发有限公司,在售,450万/套,别墅
悦景湾,绍兴明石置业有限公司,在售,105-160万/套,住宅
荣安▪御宾湾,湖州美安置业有限公司,在售,130-205万/套,住宅
绿城明月春江,浙江亿和房地产开发有限公司,在售,76-160万/套,住宅
绿城江南明月府（店口）,诸暨市亿昌房地产开发有限公司,在售,165-170万/套,住宅
金科东渡玺悦府,湖州东渡房地产开发有限公司,在售,128-178万/套,住宅
金科东渡玺悦府,湖州东渡房地产开发有限公司,在售,350万/套,别墅
云锦天樾,湖州奥盛房地产开发有限公司,在售,220-330万/套,别墅
鸿翔凤语江南,桐乡市鸿辰置业有限公司,在售,340-600万/套,别墅
金辉璟樾云著,绍兴越辉置业有限公司,在售,210-575万/套,住宅
中南君启,湖州悦馨置业有限公司,在售,113-158万/套,住宅
万科·隐秀湖畔,嘉兴万都房地产开发有限公司,在售,275-440万/套,住宅
天阅美湖居,宁波杭州湾天美欢乐家园置地有限公司,在售,130万/套,住宅
新邻里广场,嵊州新邻里置业有限公司,在售,80万/套,商业
正黄未来天辰苑,嘉兴筑垣置业有限公司,在售,110-145万/套,住宅
万科•臻境,嘉兴万昆房地产开发有限公司,在售,345-367万/套,住宅
京杭印,德清鼎晔置业有限公司,在售,135-143万/套,住宅
鸿翔北辰金邸,嘉善鸿翔中金置业有限公司,在售,95-124万/套,住宅
钱塘云湾中心,浙江钱塘云湾科技发展有限公司,在售,63-72万/套,写字楼
秀悦澜庭,嘉兴市秀鑫置业有限公司,在售,120-185万/套,住宅
正黄和锦府,湖州正黄置业有限公司,在售,85-170万/套,住宅
蓝城春风江南,诸暨融享房地产开发有限公司,在售,273-422万/套,别墅
碧桂园云望里,湖州富澜房地产开发有限公司,在售,106-138万/套,住宅
龙湖景璘府,湖州竹胜园房地产有限公司,在售,129-229万/套,住宅
碧桂园云启里,湖州富轩房地产开发有限公司,在售,106-138万/套,住宅
碧桂园翘楚棠,湖州南浔富瑞房地产开发有限公司,在售,94-360万/套,住宅
碧桂园浔宸府,湖州锦茂置业有限公司,在售,80-118万/套,住宅
金茂暨阳府,诸暨越茂置业有限公司,在售,200-300万/套,住宅
金地·天元鸣望邸,嘉兴金桐房地产开发有限公司,在售,254-420万/套,住宅
鸿翔前宸府,海宁鸿奥置业有限公司,在售,113-150万/套,住宅
合境·星耀里,诸暨市诸邦置业有限公司,在售,50-76万/套,商业
万科-光年里,嘉兴万贤建设开发有限公司,在售,170-420万/套,住宅
龙湖景璘府,湖州竹胜园房地产有限公司,在售,价格待定,别墅
新希望锦麟天樾,嘉兴锦川置业有限公司,在售,230-345万/套,住宅
太湖健康城星宸府,浙江浩恒实业有限公司,在售,130-183万/套,住宅
碧桂园云顶,湖州南浔富业房地产开发有限公司,在售,190-333万/套,住宅
春沐里,湖州卓鑫置业有限公司,在售,130-152万/套,住宅
秀宸华府,嘉兴卓航房地产开发有限公司,在售,130-200万/套,住宅
大家锦玥府,绍兴新樾置业有限公司,在售,260-300万/套,住宅
浙投滨海国际,绍兴中泰投资置业有限公司,在售,45万/套,酒店式公寓
锦粼鸣庐,嘉兴锦致置业有限公司,在售,180-270万/套,住宅
锦粼鸣庐,嘉兴锦致置业有限公司,在售,1000万/套,别墅
康宇·西林花园,诸暨康宇房地产开发有限公司,在售,173-275万/套,住宅
融创·嘉望府,嘉兴臻和置业有限公司,在售,150-233万/套,住宅
书香里,桐乡市桐新房地产开发有限公司,在售,200-240万/套,住宅
湖畔春晓,嘉兴新瑞置业有限公司,待售,价格待定,住宅
铂樾怡庭,嘉善正鸿昀房地产开发有限公司,在售,175-260万/套,住宅
龙湖金帝天汇,绍兴龙悦置业有限公司,在售,250万/套,商业
金辉象屿·观澜云庭,绍兴云辉置业有限公司,在售,170-200万/套,住宅
芳华里,桐乡方鸿置业有限公司,在售,154-231万/套,住宅
荣安▪御宾湾,湖州美安置业有限公司,在售,540-800万/套,别墅
蓝悦湾,桐乡市桐源房地产开发有限公司,待售,价格待定,住宅
云泰商业中心,绍兴上虞万辉置业有限公司,在售,30万/套,商业
上湖云庐,浙江交控嘉湖置业有限公司,在售,163-216万/套,住宅
碧桂园云启里,湖州富轩房地产开发有限公司,在售,价格待定,别墅
振东虞悦府,绍兴上虞新品冠置业有限公司,在售,170-400万/套,住宅
保利金地·都会云上府,绍兴保泽置业有限公司,在售,240-265万/套,住宅
海伦堡星悦,湖州远辉房地产开发有限公司,在售,200万/套,别墅
荣安·映樾庄,嘉兴鼎旺置业有限公司,在售,260-330万/套,住宅
鸿翔中金·鸿樾府,嘉兴市鸿诚置业有限公司,待售,价格待定,住宅
鸿翔百盛·东望金邸,嘉兴金狮房地产开发有限公司,在售,285-433万/套,住宅
科大湖沁湾,嘉兴绿科匠欣地产有限公司,待售,价格待定,住宅
交控&安高·嘉隐云庭,嘉兴市交控安高房地产开发有限公司,待售,价格待定,住宅
桃源里,绍兴蓝若谷房地产开发有限公司,在售,价格待定,住宅
桃李春风府,绍兴蓝望置业有限公司,在售,60-75万/套,住宅
晓风映苑,诸暨市惠民保障房建设有限公司,在售,70-80万/套,住宅
绿城九龙仓柳岸晓风,未知开发商,售罄,价格待定,别墅
金辉蓝光星奕云著,杭州启辉置业有限公司,售罄,价格待定,住宅
万科大溪谷,浙江南都置业有限公司,售罄,203万/套,住宅
中城汇MIDTOWN,杭州万璟置业有限公司,售罄,价格待定,住宅
金科碧桂园博翠府,杭州金宸房地产开发有限公司,售罄,426万/套,住宅
和家园雍园,杭州振兴置业投资有限公司,售罄,915万/套,别墅
钱江国际时代广场,未知开发商,售罄,价格待定,商业类
合景天銮,杭州泓升房地产开发有限公司,售罄,价格待定,别墅
融信萧山公馆,杭州恺兴房地产开发有限公司 ,售罄,价格待定,别墅
新城璟隽公馆,杭州新城美佳房地产开发有限公司,售罄,75万/套,商业类
鸿盛家园,临安鸿盛房地产开发有限公司,售罄,187万/套,住宅
景瑞阳光城法兰公园,杭州销颖房地产开发有限公司,售罄,价格待定,别墅
碧桂园金科尚合府,杭州金渝房地产开发有限公司,售罄,价格待定,住宅
君望花苑,未知开发商,售罄,410万/套,别墅
朗诗枫荟,杭州朗正置业有限公司,售罄,83.1万/套,商业类
秀隐翠园,杭州融恒置业有限公司,售罄,价格待定,住宅
远洋西溪公馆,浙江国恒西溪置业有限公司,售罄,价格待定,住宅
海伦堡棠锦,杭州东田上庭置业有限公司,售罄,价格待定,住宅
华夏之心,未知开发商,售罄,价格待定,住宅
北辰国颂府,杭州北辰置业有限公司,售罄,价格待定,别墅
融信杭州世纪,杭州融浩置业有限公司,售罄,价格待定,住宅
绿城西溪云庐,未知开发商,售罄,2400万/套,别墅
国开东方凤凰台,杭州丽湖房地产开发有限公司,售罄,价格待定,住宅
绿城和庐,杭州绿城东和置业有限公司,售罄,价格待定,住宅
龙湖江与城,杭州龙湖房地产开发有限公司,售罄,价格待定,别墅
西房拱宸外滩,杭州鑫贤置业有限公司,售罄,价格待定,别墅
滨江新希望新城未来海岸,杭州滨宏房地产开发有限公司,售罄,526万/套,别墅
万丽璞丽,杭州万霖置业有限公司,售罄,价格待定,住宅
越秀景瑞悦见山,杭州越荣房地产开发有限公司,售罄,价格待定,住宅
碧桂园前宸府,杭州碧辰置业有限公司,售罄,257万/套,住宅
凤起潮鸣,杭州绿城凤起置业有限公司,售罄,价格待定,别墅
德信碧桂园印江南,浙江德盛置业有限公司,售罄,306万/套,住宅
开元名城,杭州开元世纪置业有限公司,售罄,126万/套,商业类
金地滨江万科悦虹湾,杭州金昇房地产开发有限公司,售罄,价格待定,住宅
绿地华家池印,绿地控股集团杭州东城房地产开发有限公司,售罄,2128万/套,住宅
西溪新城市,杭州西溪汇金置业有限公司 ,售罄,价格待定,底商
大家金鼎府,杭州景帆置业有限公司,售罄,价格待定,住宅
碧桂园东旭府,杭州碧悦置业有限公司,售罄,18156元/㎡,住宅
润东府,杭州晶华房地产开发有限公司,售罄,11500元/㎡,住宅
融信沐澜,杭州恺泽房地产开发有限公司,售罄,价格待定,别墅
三湘印象森林海尚,杭州三湘印象置业有限公司,售罄,403万/套,住宅
绿城九龙仓桂语朝阳,杭州绿城朝阳置业有限公司,售罄,339万/套,住宅
绿城九龙仓桂语朝阳,杭州绿城朝阳置业有限公司,售罄,260万/套,别墅
阳光郡,浙江建投发展房地产开发有限公司,售罄,价格待定,住宅
金地广场,杭州威新房地产开发有限公司,售罄,价格待定,商业类
嘉里云荷廷,汇耀置业（杭州）有限公司,售罄,价格待定,住宅
阳光城普升,浙江中大正能量房地产有限公司,售罄,价格待定,住宅
融创东南海,杭州嘉融置业有限公司,售罄,23000元/㎡,商业类
融创东麟府,杭州创华置业有限公司,售罄,价格待定,别墅
绿城九龙仓桂语江南,杭州绿九启奥置业有限公司,售罄,价格待定,别墅
融信江南学府,杭州融悦房地产开发有限公司,售罄,价格待定,别墅
云悦湾,杭州盛寅房地产开发有限公司,售罄,454万/套,住宅
融信沐澜,杭州恺泽房地产开发有限公司,售罄,价格待定,住宅
金隅中铁诺德都会森林,金隅中铁诺德（杭州）房地产开发有限公司,售罄,727万/套,住宅
首开东城金茂府,兴茂置业（杭州）有限公司,售罄,558万/套,住宅
金地宋都都会钱塘,杭州金兴房地产开发有限公司,售罄,222万/套,住宅
云悦湾,杭州盛寅房地产开发有限公司,售罄,1284万/套,别墅
碧桂园良樾,杭州碧城置业有限公司,售罄,283万/套,别墅
滨江碧桂园翡翠江南,杭州滨欣房地产开发有限公司,售罄,296万/套,住宅
滨江碧桂园卧城印象,杭州滨翰房地产开发有限公司,售罄,242万/套,住宅
中粮梦栖祥云,杭州良悦置业有限公司,售罄,价格待定,别墅
滨江碧桂园卧城印象,杭州滨翰房地产开发有限公司,售罄,价格待定,别墅
融创金成江南府,杭州金泓置业有限公司,售罄,2300万/套,别墅
碧桂园越溪府,杭州碧泰置业有限公司,售罄,500万/套,别墅
香港兴业耦园,未知开发商,售罄,价格待定,别墅
东南钱江蓝湾,杭州亚马逊置业有限公司,售罄,价格待定,别墅
融创金成英特学府,杭州都成置业有限公司,售罄,价格待定,别墅
坤和和家园,杭州振兴置业投资有限公司,售罄,1180万/套,别墅
恒大城市之光,杭州嘉凯城滨虹房地产开发有限公司,售罄,371万/套,住宅
融创瑷颐湾,未知开发商,售罄,价格待定,住宅
赞成杭家,杭州博越房地产开发有限公司,售罄,价格待定,住宅
赞成首府,未知开发商,售罄,价格待定,住宅
欧美金融城,未知开发商,售罄,价格待定,住宅
阳光城上府,杭州铭昇达房地产开发有限公司,售罄,价格待定,住宅
欧美金融城,未知开发商,售罄,价格待定,商业类
武林壹号,杭州滨绿房地产开发有限公司,售罄,价格待定,住宅
中栋国际,杭州中栋房地产开发有限公司,售罄,价格待定,商业类
阳光银泰城,杭州中大圣马置业有限公司,售罄,价格待定,商业类
恒大水晶国际广场,杭州晶立置业有限公司,售罄,价格待定,住宅
雅居乐国际花园,杭州余杭雅居乐房地产开发有限公司,售罄,价格待定,住宅
华瑞晴庐,未知开发商,售罄,价格待定,住宅
卓越蔚蓝领秀一期,杭州卓越城置业有限公司,售罄,价格待定,住宅
东方一号,未知开发商,售罄,价格待定,住宅
天城府,杭州弘筑置业有限公司 ,售罄,价格待定,住宅
中国铁建江南国际城,中铁房地产集团杭州京兆置业有限公司,售罄,价格待定,住宅
金隅观澜时代天筑,金隅（杭州）房地产开发有限公司,售罄,价格待定,住宅
万科名城博园,杭州名城博园置业有限公司,售罄,价格待定,住宅
众安学君里,杭州润安置业有限公司,售罄,价格待定,住宅
新湖菲林山,浙江新兰得置业有限公司,售罄,价格待定,住宅
得力名望府,浙江得力房地产开发有限公司,售罄,价格待定,住宅
众安理想湾,杭州安源房地产开发有限公司,售罄,价格待定,住宅
万通时尚公馆,杭州万通邦信置业有限公司,售罄,价格待定,住宅
东晖龙悦湾,杭州东晖房地产开发有限公司,售罄,价格待定,住宅
嘉丰万悦城,浙江嘉丰房地产开发有限公司 ,售罄,价格待定,住宅
富邦星座,富邦置业集团有限公司  ,售罄,价格待定,商业类
淮矿东元府,淮矿地产（杭州）有限公司,售罄,价格待定,住宅
东海水景城,杭州新东海置业有限公司,售罄,218万/套,住宅
星汇花园,杭州越秀房地产开发有限公司,售罄,价格待定,住宅
新城香悦半岛,杭州新城鼎佳房地产开发有限公司 ,售罄,价格待定,住宅
佳兆业西溪璞园,杭溪隆业房地产（杭州）有限公司,售罄,价格待定,住宅
万科郡西澜山,杭州林庐房地产开发有限公司 ,售罄,价格待定,住宅
九龙仓君廷,锦兴房地产开发（杭州）有限公司,售罄,价格待定,住宅
融信学院府,杭州恺筑融信房地产开发有限公司,售罄,价格待定,住宅
万科杭宸,杭州万溢置业有限公司,售罄,价格待定,住宅
富力十号院,杭州联富房地产开发有限公司,售罄,价格待定,住宅
九龙仓珑玺,望华房地产（杭州）有限公司,售罄,价格待定,住宅
东方君悦,浙江全景置业有限公司,售罄,价格待定,商业类
中国铁建国际花园,未知开发商,售罄,价格待定,住宅
滨江东方海岸(萧山),杭州滨江盛元海岸房地产开发有限公司,售罄,价格待定,住宅
郡原相江公寓,杭州天名房地产有限公司,售罄,价格待定,住宅
金都夏宫,杭州贝利金都置业有限公司,售罄,价格待定,住宅
保亿丽景山,保亿置业（杭州）有限公司,售罄,价格待定,别墅
茂宸金座,杭州世茂嘉年华置业有限公司,售罄,2660万/套,住宅
新城峯璟,杭州新城创盛房地产开发有限公司,售罄,价格待定,住宅
金都夏宫,杭州贝利金都置业有限公司,售罄,价格待定,别墅
杭钢尚堂府,杭州紫元康盛房地产开发有限公司,售罄,价格待定,住宅
万科坤和玉泉,未知开发商,售罄,价格待定,住宅
佳源名城,未知开发商,售罄,价格待定,住宅
昆盛肖邦,杭州昆盛房地产开发有限公司,售罄,价格待定,住宅
中栋国际,杭州中栋房地产开发有限公司,售罄,580万/套,住宅
阳光城翡丽湾,杭州臻博房地产开发有限公司,售罄,价格待定,住宅
坤和和家园,杭州振兴置业投资有限公司,售罄,价格待定,住宅
协安蓝郡,浙江运河协安置业有限公司,售罄,价格待定,住宅
保利梧桐语,杭州保利建锦房地产开发有限公司 ,售罄,价格待定,住宅
新天地中心,杭州新天地集团有限公司,售罄,159万/套,商业类
首开武林8栋,杭州首开龙泰房地产开发有限公司,售罄,价格待定,住宅
恒基旭辉府,杭州旭开置业有限公司,售罄,价格待定,住宅
中兴御田清庭,杭州景腾房地产开发有限公司 ,售罄,价格待定,住宅
保利中心,杭州安泽房地产开发有限公司 ,售罄,价格待定,住宅
东日晴好,浙江东日房地产开发有限公司,售罄,价格待定,住宅
东亚新干线,杭州信全置业有限公司,售罄,价格待定,商业类
黄金时代,杭州东宇润城房地产开发有限公司,售罄,价格待定,商业类
蓝钻天成,浙江好安好居置业有限公司,售罄,价格待定,商业类
众安白马山庄,杭州众安房地产开发有限公司,售罄,价格待定,别墅
绿城桃花源,杭州余杭绿城房地产开发有限公司,售罄,价格待定,别墅
城发云锦城,杭州城发置业发展有限公司,售罄,价格待定,住宅
新城红郡,杭州嘉浩房地产开发有限公司,售罄,价格待定,住宅
融创瑷骊山,杭州嘉谊置业有限公司,售罄,价格待定,住宅
万科大家世纪之光,杭州万科大家房地产开发有限公司,售罄,价格待定,住宅
北辰奥园,杭州北辰置业有限公司,售罄,价格待定,住宅
金地天逸,杭州金地香湖房地产开发有限公司,售罄,价格待定,住宅
金地格林格林,未知开发商,售罄,价格待定,住宅
赞成赞城,杭州金樽房地产开发有限公司,售罄,价格待定,住宅
顺发吉祥半岛,未知开发商,售罄,价格待定,别墅
贝利云栖中心,杭州昊元置业有限公司,售罄,价格待定,商业类
余之城,杭州高庆房地产有限公司,售罄,价格待定,住宅
华元西溪欢乐城,杭州欢乐城投资有限公司,售罄,220万/套,商业类
富力新线公园,杭州启富房地产开发有限公司,售罄,价格待定,住宅
金地西溪风华,杭州金来房地产开发有限公司,售罄,价格待定,住宅
北大资源未名府,浙江北大资源地产有限公司,售罄,价格待定,住宅
天润商业中心,杭州天泽房地产开发有限公司 ,售罄,175万/套,商业类
华元花涧堂,杭州美林房地产开发有限公司,售罄,价格待定,别墅
天阳武林邸,杭州天帆置业有限公司,售罄,价格待定,住宅
东南钱江蓝湾,杭州亚马逊置业有限公司,售罄,价格待定,住宅
万科缦云坊,浙江南都置业有限公司,售罄,价格待定,住宅
大运宸府,杭州金来房地产开发有限公司,售罄,价格待定,住宅
中国铁建西湖国际城,杭州京瑞置业有限公司,售罄,价格待定,住宅
湖景居,杭州濠江房地产开发有限公司 ,售罄,277万/套,住宅
万科北宸之光三期拱宸,杭州万通杭昀置业有限公司,售罄,价格待定,住宅
滨江铂金海岸,未知开发商,售罄,价格待定,住宅
首开望宸,杭州首开旭泰房地产开发有限公司,售罄,价格待定,住宅
艺尚里,杭州凯华投资有限公司,售罄,价格待定,住宅
万科海上明月,杭州锦繁置业有限公司,售罄,价格待定,住宅
云溪新语,杭州祥生弘远房地产开发有限公司,售罄,价格待定,住宅
潮闻天下,杭州百合房地产开发有限公司,售罄,621万/套,别墅
信融御金台,杭州信融置业有限公司,售罄,968万/套,商业类
绿城九龙仓柳岸晓风,未知开发商,售罄,价格待定,住宅
新城香悦奥府,杭州新城创佳房地产开发有限公司,售罄,价格待定,住宅
西溪风情花园,浙江大华房地产开发有限公司,售罄,价格待定,住宅
德信君宸,未知开发商,售罄,价格待定,住宅
上实海上海,杭州上实置业有限公司,售罄,价格待定,住宅
碧桂园西江月, 杭州碧桂园房地产开发有限公司,售罄,价格待定,住宅
雍荣华庭,未知开发商,售罄,价格待定,住宅
中企艮山府,杭州中华企业房地产发展有限公司,售罄,价格待定,住宅
鑫运时代金座,浙江玉海房地产开发有限公司,售罄,价格待定,商业类
融创金成西溪海,杭州金成金都置业有限公司,售罄,价格待定,住宅
融创金成西溪海,杭州金成金都置业有限公司,售罄,价格待定,别墅
龙湖武林九里,杭州龙瑞房地产开发有限公司,售罄,价格待定,住宅
滨江华家池,杭州滨江商博房地产开发有限公司,售罄,价格待定,商业类
天阳文晖,杭州尚诚置业有限公司,售罄,价格待定,住宅
万科新都会1958,浙江万科南都房地产有限公司,售罄,价格待定,住宅
广宇万科公园里,杭州万鼎置业有限公司,售罄,价格待定,住宅
雍和府,招商局地产（杭州）有限公司,售罄,价格待定,住宅
大家绿城金麟府,未知开发商,售罄,价格待定,住宅
滨江德信东方星城,杭州滨润房地产开发有限公司,售罄,价格待定,住宅
万科中央公园,杭州万旭置业有限公司,售罄,价格待定,住宅
滨江华成大江之星,浙江华成置业发展有限公司,售罄,价格待定,住宅
潮闻天下,杭州百合房地产开发有限公司,售罄,112万/套,住宅
江滨澜廷,未知开发商,售罄,价格待定,商业类
之江九里,杭州润鸿置业有限公司,售罄,价格待定,别墅
滨江东方海岸(萧山),杭州滨江盛元海岸房地产开发有限公司,售罄,价格待定,别墅
朝阳银座,杭州众安盛隆鲤鱼门置业有限公司,售罄,价格待定,商业类
佳兆业西溪璞园,杭溪隆业房地产（杭州）有限公司,售罄,价格待定,别墅
万科溪望,未知开发商,售罄,价格待定,别墅
向江来时代中心,未知开发商,售罄,价格待定,商业类
西溪君庐,浙江百家乐房地产开发有限公司,售罄,价格待定,别墅
旭辉时代城,杭州旭广置业有限公司,售罄,价格待定,住宅
杭钢紫元旭润和府,未知开发商,售罄,价格待定,住宅
宋都时间国际,杭州淘天地房地产开发有限公司,售罄,价格待定,商业类
恒祺克拉天玺,浙江弄口恒祺置业有限公司,售罄,价格待定,商业类
奥克斯缔逸城,杭州余杭奥克斯古墩置业有限公司,售罄,价格待定,商业类
融信澜天,杭州恺泽房地产开发有限公司,售罄,价格待定,住宅
融信澜天,杭州恺泽房地产开发有限公司,售罄,价格待定,别墅
金地西溪风华,杭州金来房地产开发有限公司,售罄,价格待定,别墅
宋都东郡之星,杭州润都房地产开发有限公司,售罄,价格待定,住宅
中国铁建保利像素,杭州建申房地产开发有限公司,售罄,价格待定,住宅
万科溪望,未知开发商,售罄,价格待定,住宅
荀庄,浙江物产良渚花苑房地产开发有限公司,售罄,价格待定,别墅
野风启城,杭州野风欣代房地产开发有限公司 ,售罄,价格待定,住宅
溪悦宸府,温州大都市建设开发有限公司余杭分公司,售罄,价格待定,住宅
科尔世纪外滩,杭州尼罗河置业有限公司,售罄,价格待定,住宅
科尔世纪外滩,杭州尼罗河置业有限公司,售罄,1678万/套,别墅
光明尚海湾,未知开发商,售罄,22799元/㎡,住宅
赞成檀府,未知开发商,售罄,价格待定,住宅
赞成檀府,未知开发商,售罄,价格待定,别墅
中港罗兰小镇,杭州中港绿泰房地产开发有限公司,售罄,价格待定,住宅
新湖香格里拉,杭州新城创宏房地产开发有限公司,售罄,2368万/套,别墅
兴耀星悦湾,未知开发商,售罄,价格待定,别墅
华元欢乐城,未知开发商,售罄,价格待定,商业类
广厦天都城天熙公馆,浙江天都实业有限公司,售罄,价格待定,住宅
泰地北上新城,杭州泰地置业有限公司,售罄,价格待定,商业类
杭州明石商业大厦,杭州明石置业有限公司,售罄,价格待定,商业类
杭州港龙城,杭州港龙置业有限公司,售罄,价格待定,商业类
绿城桃源小镇,杭州西溪山庄房地产开发有限公司,售罄,价格待定,住宅
万科郡西,杭州林庐房地产开发有限公司 ,售罄,价格待定,别墅
绿城运河郡,杭州新明置业投资有限公司,售罄,价格待定,商业类
金铂湾,杭州中月置业有限公司,售罄,211万/套,商业类
新城红郡,杭州嘉浩房地产开发有限公司,售罄,价格待定,别墅
华鼎君临天峯,未知开发商,售罄,价格待定,住宅
创客空间大厦,杭州绿凯房地产开发有限公司,售罄,价格待定,商业类
梦溪东明山居,杭州梦溪房地产开发有限公司,售罄,价格待定,住宅
华瑞湘湖美地,杭州华瑞房地产开发有限公司,售罄,价格待定,住宅
杉杉恒和依山郡,杭州恒和蕾束置业有限公司,售罄,价格待定,住宅
杉杉恒和依山郡,杭州恒和蕾束置业有限公司,售罄,价格待定,别墅
恒厚阳光城,未知开发商,售罄,价格待定,住宅
钱塘梧桐蓝山,杭州洲际房地产开发有限公司 ,售罄,价格待定,住宅
明华名港城二期,杭州明华置业有限公司,售罄,价格待定,住宅
明华名港城二期,杭州明华置业有限公司,售罄,价格待定,别墅
大奇山郡,桐庐大奇山郡置业有限公司,售罄,价格待定,别墅
财和湘域湾,杭州财和房地产开发有限公司,售罄,价格待定,别墅
湖山帝景湾,杭州世茂新里程置业有限公司,售罄,价格待定,别墅
CBC时代大观,杭州新宏房地产开发有限公司,售罄,价格待定,商业类
绿都南江壹号,未知开发商,售罄,价格待定,住宅
天鸿香榭里,浙江广鸿房地产开发有限公司,售罄,价格待定,住宅
广宇鼎悦府,广宇集团股份有限公司,售罄,价格待定,住宅
开元广场,杭州开元世纪置业有限公司,售罄,价格待定,别墅
顺发堤香,顺发恒业有限公司,售罄,价格待定,住宅
世茂中心,海墅房地产开发（杭州）有限公司,售罄,价格待定,写字楼
富亿NEO中心,杭州富亿房地产开发有限公司,售罄,价格待定,写字楼
远洋杭州大运河商务区,杭州远洋运河商务区开发有限公司,售罄,价格待定,写字楼
理想银泰城,杭州理想银泰购物中心有限公司,售罄,价格待定,商业类
下沙宝龙城市广场,杭州宝龙房地产开发有限公司,售罄,价格待定,商业类
西溪蓝海,杭州合能房地产开发有限公司,售罄,价格待定,商业类
宋都时间国际,杭州淘天地房地产开发有限公司,售罄,23000元/㎡,写字楼
富力西溪悦墅,杭州瑞富房地产开发有限公司,售罄,价格待定,别墅
合景映月台,杭州隽安房地产开发有限公司,售罄,价格待定,住宅
绿地旭辉城,杭州拓江置业有限公司,售罄,价格待定,商业类
龙湖水晶郦城,杭州龙禧房地产开发有限公司,售罄,价格待定,住宅
绿野御墅,杭州绿野房地产开发有限公司,售罄,1450万/套,别墅
西溪智慧健康谷,杭州大涵置业有限公司,售罄,92万/套,商业类
世茂之西湖,杭州世融汇盈置业有限公司,售罄,价格待定,商业类
港汇中心,杭州绿都实业投资有限公司,售罄,价格待定,商业类
绿城运河郡,杭州新明置业投资有限公司,售罄,价格待定,商业
春江香樟苑,杭州澳澜房地产开发有限公司,售罄,价格待定,住宅
融创玖樟台,杭州新融盛耀置业有限公司,售罄,价格待定,住宅
佳源未来府,杭州蓝源置业有限公司,售罄,价格待定,住宅
中骏钱塘御景,杭州白鹭房地产开发有限公司,售罄,价格待定,住宅
万宝城,浙江卓伟置业有限公司,售罄,价格待定,商业
浙港国际,未知开发商,售罄,价格待定,商业类
华夏四季,浙江康誉置业有限公司,售罄,价格待定,住宅
滨江旭辉万家之星,未知开发商,售罄,价格待定,住宅
尚城墅,杭州钱江城发展有限公司,售罄,价格待定,别墅
万科未来城三期梦溪里,杭州万宁置业有限公司,售罄,价格待定,别墅
富力天贸广场,杭州富力房地产开发有限公司,售罄,价格待定,商业类
通和十二橡树,杭州益荣房地产开发有限公司,售罄,价格待定,别墅
青山湖玫瑰园,临安西子房地产开发有限公司,售罄,595万/套,别墅
滨江江南之星,杭州京滨置业有限公司,售罄,价格待定,住宅
南洋名都,杭州临安南洋房地产有限公司,售罄,154万/套,住宅
郡乐苑,杭州明华置业有限公司,售罄,价格待定,住宅
东厦东港花苑,杭州美孚房地产开发有限公司,售罄,价格待定,住宅
万通中心,杭州万通时尚置业有限公司,售罄,价格待定,商业类
翡翠城三期,杭州翡翠城房地产开发有限公司,售罄,价格待定,别墅
星运丽园兰逸,杭州金世纪房地产开发有限公司,售罄,价格待定,别墅
湘湖壹号,杭州滨江盛元房地产开发有限公司,售罄,价格待定,别墅
万科君望,富阳东润置业有限公司,售罄,600万/套,别墅
万科良渚文化村堂前,浙江南都置业有限公司,售罄,价格待定,别墅
大千古街,淳安大千古街旅游开发有限公司,售罄,价格待定,住宅
中天珺府,临安中天房地产开发有限公司,售罄,价格待定,别墅
宋都东郡国际,未知开发商,售罄,价格待定,别墅
观澜时代云邸苑,金隅（杭州）房地产开发有限公司,售罄,价格待定,别墅
绿城曼陀花园,未知开发商,售罄,369万/套,别墅
澳海澜庭,浙江三江房地产开发有限公司,售罄,72万/套,别墅
龙湖春江天玺,杭州龙湖房地产开发有限公司,售罄,价格待定,住宅
新城香悦半岛,杭州新城鼎佳房地产开发有限公司 ,售罄,价格待定,别墅
竹径云山,浙江南都置业有限公司,售罄,价格待定,别墅
梅和名府,杭州萧山梅花楼置业有限公司,售罄,价格待定,住宅
杭州港龙城,杭州港龙置业有限公司,售罄,25000元/㎡,商业
玲珑府,未知开发商,售罄,592万/套,商业
万都晶座,未知开发商,售罄,价格待定,商业类
北湖绿洲花园,杭州百达房地产开发有限公司,售罄,价格待定,住宅
领航城,杭州长龙置业有限公司,售罄,价格待定,住宅
卓越蔚蓝领秀二期,杭州鹏跃置业有限公司,售罄,价格待定,住宅
金世纪运河丽园,杭州金世纪房地产开发有限公司,售罄,价格待定,住宅
通和十二橡树,杭州益荣房地产开发有限公司,售罄,价格待定,住宅
新城香悦公馆,杭州新城德佳房地产开发有限公司,售罄,价格待定,住宅
融创河滨之城雨澜轩,未知开发商,售罄,价格待定,商业
瑞金华丽嘉苑,杭州瑞金房地产有限公司 ,售罄,价格待定,住宅
东晖龙悦湾,杭州东晖房地产开发有限公司,售罄,价格待定,别墅
星运丽园兰逸,杭州金世纪房地产开发有限公司,售罄,价格待定,住宅
碧桂园深蓝国际,杭州纽安能置业有限公司,售罄,1100万/套,商业类
新城龙湖湾上风华,杭州新城松郡房地产开发有限公司,售罄,价格待定,住宅
合景映月台,杭州隽安房地产开发有限公司,售罄,价格待定,别墅
旺君国际,杭州盛旺君投资有限公司,售罄,价格待定,写字楼
融信学院府,杭州恺筑融信房地产开发有限公司,售罄,价格待定,商业
金色黎明三期,未知开发商,售罄,350万/套,商业
融信永兴首府,杭州恺融房地产开发有限公司,售罄,价格待定,别墅
中豪七格,未知开发商,售罄,价格待定,商业
融信永兴首府,杭州恺融房地产开发有限公司,售罄,价格待定,住宅
东方铭楼,未知开发商,售罄,价格待定,商业类
华元欢乐城,未知开发商,售罄,价格待定,商业
佳源优优锦城,杭州中惠房地产开发有限公司,售罄,价格待定,住宅
北大资源未名府,浙江北大资源地产有限公司,售罄,价格待定,商业类
华元天鹅堡,杭州云泽置业有限公司,售罄,384万/套,商业类
景瑞天赋,未知开发商,售罄,价格待定,住宅
滨江新城东方名府,杭州滨通房地产开发有限公司,售罄,价格待定,住宅
新天地金色时光,杭州弘驿置业有限公司,售罄,292万/套,住宅
中赢金城里,未知开发商,售罄,价格待定,写字楼
阳光银泰城,杭州中大圣马置业有限公司,售罄,价格待定,写字楼
九龙湾,未知开发商,售罄,价格待定,别墅
宋都晨光国际,杭州恒都房地产开发有限公司,售罄,价格待定,商业
太平洋银座,杭州中基太平洋置业有限公司,售罄,价格待定,写字楼
义桥星天地,杭州萧水投资置业有限公司,售罄,价格待定,商业
金沙世纪大厦,杭州广盛置业有限公司,售罄,价格待定,写字楼
崇贤上亿广场,杭州亿丰亿贤置业有限公司,售罄,价格待定,商业
山水国际,富阳华都山水房地产开发有限公司 ,售罄,价格待定,商业
华润万象汇,华润置地（杭州）发展有限公司,售罄,350万/套,写字楼
银泰海威国际,杭州海威房地产开发有限公司,售罄,价格待定,写字楼
赞成中心,杭州金汇房地产开发有限公司,售罄,价格待定,写字楼
元成时代中心,杭州倍邦置业有限公司,售罄,价格待定,商业
浙港国际,未知开发商,售罄,价格待定,商业
原禾大厦,杭州原禾安芯置业有限公司,售罄,价格待定,商业
中旅城仕公馆,港中旅成得（杭州）置业有限公司,售罄,30000元/㎡,商业
杭州万达广场,未知开发商,售罄,价格待定,写字楼
宋都丽郡国际,杭州鸿都置业有限公司,售罄,价格待定,住宅
绿地中央广场,绿地控股集团（浙江）房地产开发有限公司,售罄,价格待定,写字楼
铁建万科江湾城,杭州京科置业有限公司,售罄,价格待定,住宅
新天地G193广场,杭州万泽实业发展有限公司,售罄,48万/套,商业
中节能西溪首座,杭州蒋村新区建设有限公司,售罄,价格待定,写字楼
金街美地,浙江双鎏置业有限公司,售罄,价格待定,商业
东海闲湖城,杭州东海春房地产开发有限公司,售罄,223万/套,住宅
沈半路灯具市场,杭州鹏龙实业投资有限公司,售罄,价格待定,写字楼
保利中心,杭州安泽房地产开发有限公司 ,售罄,60000元/㎡,商业
天鸿美和院,富阳天鸿房地产开发有限公司,售罄,价格待定,商业类
武林外滩,杭州天城房地产开发有限公司,售罄,价格待定,商业类
越秀星汇尚城,杭州越隽房地产开发有限公司,售罄,315万/套,商业
金地艺境,杭州褐石房地产开发有限公司  ,售罄,价格待定,商业
英冠乐创城,浙江中冠房地产开发有限公司 ,售罄,40000元/㎡,商业类
中豪国际,杭州中豪五星国际置业有限公司,售罄,价格待定,写字楼
梧桐燕庐,杭州钱塘房地产开发集团有限公司,售罄,价格待定,别墅
玖玖国际财富中心,浙江胤超置业有限责任公司,售罄,56万/套,商业
蓝钻天成,浙江好安好居置业有限公司,售罄,价格待定,商业
万科未来城二期,杭州万鼎置业有限公司,售罄,价格待定,商业
江南国际丝绸城,杭州涛巴京实业有限公司,售罄,价格待定,商业类
江南国际丝绸城,杭州涛巴京实业有限公司,售罄,价格待定,商业
中铁九逸,杭州中铁和丰置业有限公司 ,售罄,价格待定,住宅
旭辉滨江东方悦府,杭州滨旭置业有限公司,售罄,价格待定,住宅
越秀维多利中心, 杭州越辉房地产开发有限公司,售罄,价格待定,写字楼
海德公园,浙江金澳置业有限公司,售罄,价格待定,住宅
和昌府,杭州和昌置业发展有限公司,售罄,价格待定,住宅
香港兴业耦园,未知开发商,售罄,价格待定,住宅
祥生群贤府,杭州祥生弘盛房地产开发有限公司,售罄,价格待定,住宅
祥生群贤府,杭州祥生弘盛房地产开发有限公司,售罄,价格待定,别墅
融创时代奥城,杭州融御置业有限公司,售罄,价格待定,住宅
绿城运河宸园,杭州奥诚房地产有限公司,售罄,价格待定,别墅
金色和庄,浙江金诺房地产开发有限公司,售罄,108万/套,住宅
雷威沁园,未知开发商,售罄,16396元/㎡,住宅
朗诗熙华府,杭州朗优置业有限公司,售罄,价格待定,住宅
阳光城西郊半岛,杭州富阳碧水源房地产有限公司,售罄,204万/套,住宅
融创涌清府,杭州融汇前江置业有限公司,售罄,价格待定,住宅
祥生钱塘新语,海宁祥生房地产开发有限公司,售罄,价格待定,住宅
滨江金茂府,未知开发商,售罄,65981元/㎡,住宅
复泰雅宸华庭,杭州复泰旅游开发有限公司,售罄,189万/套,住宅
复泰雅宸华庭,杭州复泰旅游开发有限公司,售罄,652万/套,别墅
望湖山庄,杭州千岛湖望湖度假村有限公司,售罄,价格待定,住宅
玉兰花园, 杭州千岛湖房地产开发有限公司,售罄,价格待定,住宅
天阳文晖,杭州尚诚置业有限公司,售罄,价格待定,商业
浙商国际中心,杭州草庄置业有限公司,售罄,价格待定,商业
西溪曼哈顿,浙江恒发置业有限公司,售罄,价格待定,商业类
华策中心,浙江影视产业国际合作实验区西溪实业有限公司,售罄,204万/套,商业类
龙湖天钜,杭州龙昊房地产开发有限公司,售罄,价格待定,住宅
万科劝学里,杭州万珑置业有限公司,售罄,价格待定,住宅
万佳居,杭州广都投资有限公司,售罄,价格待定,商业
赞成杭家,杭州博越房地产开发有限公司,售罄,价格待定,商业
西溪十九府,浙江海陆控股集团有限公司,售罄,462万/套,商业类
首开武林8栋,杭州首开龙泰房地产开发有限公司,售罄,价格待定,商业
宝嘉誉府,杭州宝旭房地产开发有限公司,售罄,40000元/㎡,商业
天阳武林邸,杭州天帆置业有限公司,售罄,308万/套,商业
远洋招商上塘宸章,杭州宸远招盛置业有限公司,售罄,价格待定,住宅
禹洲滨澜铭座,中维地产浙江有限公司,售罄,价格待定,住宅
旭辉珺悦府,杭州众旭置业有限公司,售罄,价格待定,住宅
华瑞晴庐,未知开发商,售罄,价格待定,商业
钱塘航空大厦,浙江一统实业有限公司	,售罄,35000元/㎡,商业类
采荷嘉业大厦,杭州宋都房地产集团有限公司,售罄,价格待定,写字楼
景瑞阳光城法兰公园,杭州销颖房地产开发有限公司,售罄,18960元/㎡,住宅
首开杭州金茂府,未知开发商,售罄,价格待定,住宅
钱江御府,杭州天祥房地产有限公司,售罄,价格待定,商业
中欧城,杭州桐庐中欧城开发有限公司,售罄,70万/套,商业类
交投绿城明珠国际,杭州金基房地产开发有限公司,售罄,价格待定,写字楼
千岛湖嘉苑,杭州千岛湖安通房地产开发有限公司,售罄,162万/套,住宅
德信东望,未知开发商,售罄,价格待定,商业
赞成首府,未知开发商,售罄,价格待定,商业类
钱江西溪和景,杭州和景置业有限公司,售罄,206万/套,写字楼
融信蓝孔雀,杭州恺筑融信房地产开发有限公司,售罄,价格待定,商业
富阳财富中心,富阳海通房地产有限公司,售罄,490万/套,写字楼
昆盛肖邦,杭州昆盛房地产开发有限公司,售罄,35000元/㎡,商业
英冠乐创城,浙江中冠房地产开发有限公司 ,售罄,409万/套,商业
融信江南学府,杭州融悦房地产开发有限公司,售罄,价格待定,住宅
保利融信大国璟,杭州融欣房地产开发有限公司,售罄,价格待定,住宅
万科未来城三期梦溪里,杭州万宁置业有限公司,售罄,价格待定,住宅
碧桂园天麓府, 杭州碧桂园房地产开发有限公司,售罄,价格待定,住宅
富春新天地,杭州钧顺房地产开发有限公司,售罄,94万/套,商业类
广厦天都城滨沁&沁源公寓,浙江天都实业有限公司,售罄,价格待定,住宅
雍和府,招商局地产（杭州）有限公司,售罄,价格待定,商业
新城香悦公馆,杭州新城德佳房地产开发有限公司,售罄,价格待定,别墅
东新府,杭州龙元房地产开发有限公司,售罄,价格待定,商业
祥生云浦新语,杭州祥生弘景房地产开发有限公司,售罄,价格待定,住宅
向江来时代中心,未知开发商,售罄,价格待定,商业
昆仑天籁,未知开发商,售罄,价格待定,商业
中赢金城里,未知开发商,售罄,价格待定,商业
雅居乐国际花园,杭州余杭雅居乐房地产开发有限公司,售罄,125万/套,商业
金隅空港公馆,金隅（杭州）房地产开发有限公司,售罄,20000元/㎡,商业类
融创金成未来海,杭州金合置业有限公司,售罄,价格待定,住宅
钱江之江新天地,杭州钱江浮山房地产开发有限公司,售罄,价格待定,商业类
金岸提香,杭州中港绿泰房地产开发有限公司,售罄,660万/套,别墅
复泰雅宸华庭,杭州复泰旅游开发有限公司,售罄,61万/套,商业类
四维金座,未知开发商,售罄,价格待定,商业类
富春硅谷,杭州富春硅谷投资有限公司,售罄,价格待定,写字楼
南钻广场,杭州鹏浩置业有限公司,售罄,价格待定,商业
天达广场,杭州天达置业有限公司,售罄,14500元/㎡,写字楼
三花国际,杭州三花国际大厦有限公司,售罄,42000元/㎡,商业类
合诚之江商务中心,杭州合诚置业有限公司,售罄,价格待定,写字楼
绿城西溪世纪广场,浙江爱茵霍芬置业有限公司,售罄,15300万/套,写字楼
临平西子国际,杭州余杭西子置业有限公司,售罄,价格待定,写字楼
佳源银座,杭州墅源房地产开发有限公司,售罄,价格待定,写字楼
绿谷杭州东部创新中心,杭州九鑫投资有限公司,售罄,价格待定,写字楼
状元府,杭州通策宝群置业有限公司,售罄,价格待定,别墅
融信萧山公馆,杭州恺兴房地产开发有限公司 ,售罄,价格待定,住宅
碧桂园越溪府,杭州碧泰置业有限公司,售罄,15338元/㎡,住宅
万科劝学里,杭州万珑置业有限公司,售罄,价格待定,商业类
西溪智慧健康谷,杭州大涵置业有限公司,售罄,288万/套,商业
越秀亲爱里,杭州越秀房地产开发有限公司,售罄,价格待定,商业
世茂钱塘天誉,杭州茂国悦盈置业有限公司,售罄,价格待定,住宅
云山九里,桐庐大奇山郡置业有限公司,售罄,价格待定,别墅
中南樾府,杭州中南御锦置业有限公司,售罄,价格待定,住宅
绿城桃李春风,临安金基房地产开发有限公司,售罄,947万/套,别墅
融信公馆arc,杭州融誉房地产开发有限公司,售罄,价格待定,住宅
中欧城,杭州桐庐中欧城开发有限公司,售罄,30万/套,商业
绿地G合里金宸,绿地控股集团杭州众银置业有限公司,售罄,价格待定,商业类
璞玉公馆,杭州中润瑞丰置业有限公司,售罄,170万/套,商业类
蓝色春江,桐庐加贝置业有限公司,售罄,250万/套,住宅
中交财富中心,未知开发商,售罄,价格待定,商业类
华瑞中心,杭州华瑞房地产开发有限公司,售罄,340万/套,商业类
合景天銮,杭州泓升房地产开发有限公司,售罄,价格待定,住宅
西溪新城市,杭州西溪汇金置业有限公司 ,售罄,价格待定,商业类
江南时代购物中心,杭州高扬国际贸易有限公司,售罄,价格待定,商业
O纪元,杭州亚润置业有限公司,售罄,193万/套,商业类
阳光银泰城,杭州中大圣马置业有限公司,售罄,价格待定,商业
东方铭楼,未知开发商,售罄,200万/套,商业
临平芳满庭,杭州美润房地产有限公司,售罄,价格待定,住宅
融创玖樟台,杭州新融盛耀置业有限公司,售罄,价格待定,商业
德信杭州之翼,杭州宇威置业有限公司,售罄,180万/套,商业类
西房拱宸外滩,杭州鑫贤置业有限公司,售罄,价格待定,住宅
复地壹中心,杭州复拓置业有限公司,售罄,300万/套,商业
京港国际,浙江天伟置业有限公司,售罄,755万/套,商业类
力雅广场,杭州顺程置业有限公司,售罄,75万/套,商业类
柏悦公馆,杭州长裕房地产开发有限公司,售罄,价格待定,商业类
朗诗乐府,杭州朗优置业有限公司,售罄,42000元/㎡,住宅
恒祺克拉天玺,浙江弄口恒祺置业有限公司,售罄,200万/套,商业
北辰国颂府,杭州北辰置业有限公司,售罄,36700元/㎡,住宅
万科融信西雅图,未知开发商,售罄,价格待定,住宅
旭辉和昌都会山, 杭州旭海置业有限公司,售罄,价格待定,商业
远洋雁归里,杭州宜品房地产开发有限公司,售罄,价格待定,别墅
万科智谷,杭州天马置业有限公司,售罄,价格待定,商业类
璞丽东方,杭州隽烜房地产开发有限公司,售罄,价格待定,住宅
绿都汀蘭府,杭州绿峰置业有限公司,售罄,价格待定,住宅
融信保利创世纪,杭州信鸿置业有限公司,售罄,价格待定,住宅
星耀星澜之城,未知开发商,售罄,48000元/㎡,商业类
西房余杭公馆,杭州鑫湖置业有限公司,售罄,价格待定,住宅
富春硅谷,杭州富春硅谷投资有限公司,售罄,108万/套,商业类
欧美金融城,未知开发商,售罄,价格待定,写字楼
融创富春壹号院,杭州富阳融创置业有限公司,售罄,价格待定,别墅
融创东麟府,杭州创华置业有限公司,售罄,价格待定,住宅
融创金成江南府,杭州金泓置业有限公司,售罄,371万/套,住宅
融创望海潮,杭州嘉科置业有限公司,售罄,价格待定,住宅
金沙世纪大厦,杭州广盛置业有限公司,售罄,价格待定,商业
中巢起梦公园,杭州中巢置业有限公司,售罄,价格待定,商业类
阳光城翡丽公园,杭州汇荣欣悦房地产开发有限公司,售罄,价格待定,住宅
大都尚澜,温州大都市建设开发有限公司余杭分公司,售罄,价格待定,住宅
云溪新语,杭州祥生弘远房地产开发有限公司,售罄,价格待定,商业类
融创宜和园,杭州融大齐云置业有限公司,售罄,价格待定,住宅
信达滨江壹品,杭州信达地产有限公司,售罄,价格待定,住宅
龙湖郦城公馆,杭州嘉腾房地产开发有限公司,售罄,价格待定,商业类
荣安翡翠半岛,杭州荣美置业有限公司,售罄,价格待定,住宅
凤起潮鸣,杭州绿城凤起置业有限公司,售罄,价格待定,住宅
海上明月澜庭,杭州锦和置业有限公司,售罄,价格待定,住宅
招商武林郡, 浙江润和房产集团有限公司,售罄,价格待定,住宅
滨江保利翡翠海岸,杭州滨保房地产开发有限公司,售罄,价格待定,住宅
绿城建发沁园,杭州绿城申润置业有限公司,售罄,价格待定,住宅
滨江春盛大江名筑,杭州春盛置业有限公司,售罄,价格待定,别墅
绿都云和湖,未知开发商,售罄,价格待定,住宅
雨润星雨华府,杭州众汇置业有限公司,售罄,价格待定,住宅
中粮梦栖祥云,杭州良悦置业有限公司,售罄,价格待定,住宅
招商越秀公园1872,招商局地产（杭州）有限公司,售罄,525万/套,住宅
中海钱江湾,杭州中海宏鲲房地产有限公司,售罄,760万/套,住宅
阳光城未来悦MAX,杭州金臻阳房地产开发有限公司,售罄,价格待定,住宅
和家园雍园,杭州振兴置业投资有限公司,售罄,价格待定,住宅
龙湖天璞,杭州龙尚房地产开发有限公司,售罄,价格待定,住宅
钱江彩虹府,浙江浦源置业有限公司,售罄,价格待定,住宅
佳源湘湖印象,杭州湘源房地产开发有限公司,售罄,609万/套,别墅
汇高栢悦中心,杭州汇高置地有限公司,售罄,价格待定,住宅
旭辉宝龙东湖城,杭州东辉置业有限公司,售罄,价格待定,住宅
旭辉宝龙东湖城,杭州东辉置业有限公司,售罄,价格待定,别墅
都会艺境,杭州金湖房地产开发有限公司,售罄,价格待定,住宅
绿城九龙仓桂语江南,杭州绿九启奥置业有限公司,售罄,价格待定,住宅
海威新界,杭州郡威置业有限公司,售罄,价格待定,商业类
保亿绿城奥邸国际,杭州保亿奥体置业有限公司,售罄,670万/套,商业类
中旅名门府,杭州港中旅城市发展有限公司,售罄,价格待定,住宅
阳光城檀悦,杭州泓璟达房地产开发有限公司,售罄,价格待定,住宅
金辉贤林信步,杭州融辉置业有限公司,售罄,价格待定,住宅
旭辉和昌都会山, 杭州旭海置业有限公司,售罄,价格待定,商业类
中赢云际,杭州中赢华倬置业有限公司,售罄,235万/套,商业类
迪凯城星国际,浙江浩然置业有限公司,售罄,47000元/㎡,写字楼
中旅紫金名门,浙江港中旅置业有限公司,售罄,价格待定,商业
都会艺境,杭州金湖房地产开发有限公司,售罄,30000元/㎡,商业
都会艺境,杭州金湖房地产开发有限公司,售罄,33500元/㎡,商业类
远洋雁归里,杭州宜品房地产开发有限公司,售罄,价格待定,住宅
杭州大悦城,浙江和润天成置业有限公司,售罄,260万/套,商业类
保亿中心,杭州捍联置业有限公司,售罄,30000元/㎡,写字楼
中天珺府,临安中天房地产开发有限公司,售罄,235万/套,住宅
通策状元府,杭州通策宝群置业有限公司,售罄,价格待定,商业类
德信大江源著,浙江德广置业有限公司,售罄,价格待定,别墅
杭州壹号院, 杭州信达奥体置业有限公司,售罄,822万/套,住宅
佳源湘湖印象,杭州湘源房地产开发有限公司,售罄,179万/套,住宅
融创微风之城,莱蒙置业（富阳）有限公司,售罄,107万/套,住宅
融创金成十锦台,杭州临安融金置业有限公司,售罄,214万/套,住宅
东原印未来,杭州睿成房地产开发有限公司,售罄,价格待定,住宅
英冠乐创城,浙江中冠房地产开发有限公司 ,售罄,价格待定,写字楼
万科智谷,杭州天马置业有限公司,售罄,价格待定,底商
世茂东壹号,杭州世茂新领域房地产开发有限公司,售罄,370万/套,底商
滨江新城东方名府,杭州滨通房地产开发有限公司,售罄,价格待定,底商
杭州嘉里中心,嘉里置业（杭州）有限公司,售罄,价格待定,商业
中骏柏景湾,杭州骏锦实业发展有限公司,售罄,153万/套,住宅
振泽左右办公世界,杭州振泽房地产开发有限公司,售罄,1280万/套,写字楼
德信浙旅天空之翼,浙江德晨置业有限公司,售罄,价格待定,住宅
旭辉东原吴越府,杭州临盛置业有限公司,售罄,18500元/㎡,住宅
大家金钰府,杭州景翔置业有限公司,售罄,184-236万/套,住宅
临安宝龙广场,杭州龙耀实业有限公司,售罄,163万/套,住宅
城中府,杭州临安丰润置业有限公司,售罄,157万/套,住宅
天阳蓝光蔚蓝,杭州天园置业有限公司,售罄,229万/套,住宅
国能悦玺台,杭州国能房地产开发有限公司,售罄,231万/套,住宅
绿城国际社区,浙江青山湖科研创新基地投资有限公司,售罄,148万/套,住宅
中天富春诚品二期,杭州锦坤房地产开发有限公司,售罄,价格待定,住宅
群升星河印象中心,杭州群万置业有限公司,售罄,70万/套,商业类
千岛湖雨润星雨华府,未知开发商,售罄,98万/套,住宅
宋都相贤府,杭州盛都置业有限公司,售罄,价格待定,别墅
万锦花苑,未知开发商,售罄,187万/套,住宅
万科潮起东方,海宁景科房地产开发有限公司,售罄,185万/套,住宅
杭州中央车站广场,华润万家购物中心（杭州）有限公司,售罄,252万/套,商业类
保利融信大国璟,杭州融欣房地产开发有限公司,售罄,价格待定,别墅
宋都新宸悦府,杭州荣都置业有限公司,售罄,价格待定,住宅
苕溪壹号,杭州地上房地产集团有限公司,售罄,290万/套,住宅
宋都江宸府,杭州宋都房地产集团有限公司,售罄,价格待定,住宅
富力西溪悦居,杭州富力房地产开发有限公司,售罄,价格待定,商业
保利中心,杭州安泽房地产开发有限公司 ,售罄,4428万/套,写字楼
南北盛德国际,杭州康信置业有限公司,售罄,价格待定,写字楼
众安学君里,杭州润安置业有限公司,售罄,价格待定,商业
旭辉东原吴越府,杭州临盛置业有限公司,售罄,216万/套,别墅
万固观澜府,建德万固房地产开发有限公司,售罄,价格待定,住宅
临平芳满庭,杭州美润房地产有限公司,售罄,价格待定,商业类
星南站,未知开发商,售罄,102万/套,商业类
居艺空间,杭州中润瑞丰置业有限公司,售罄,220万/套,商业
南润名座, 杭州齐联锦泰实业投资有限公司,售罄,价格待定,商业类
大江东宝龙广场,宝龙星创实业（杭州）有限公司,售罄,价格待定,别墅
和家园臻园,杭州振兴置业投资有限公司,售罄,800万/套,住宅
西溪永乐城,杭州鑫瑞置业有限公司,售罄,127万/套,商业类
海威新界,杭州郡威置业有限公司,售罄,价格待定,商业
运河公馆,杭州西桥房地产有限公司,售罄,172万/套,商业
运河公馆,杭州西桥房地产有限公司,售罄,价格待定,商业类
绿城桃源小镇,杭州西溪山庄房地产开发有限公司,售罄,976万/套,别墅
绿城雄凯国际,杭州雄凯实业有限公司,售罄,145万/套,商业类
龙湖西溪天街,杭州龙韬置业有限公司,售罄,价格待定,商业类
汉港武林汇,杭州港联置业有限公司,售罄,181万/套,商业类
理想世纪金座,杭州康源置业有限公司,售罄,127万/套,商业类
新城璟隽公馆,杭州新城美佳房地产开发有限公司,售罄,350万/套,住宅
联发藏珑玉墅,联发集团杭州房地产开发有限公司,售罄,价格待定,住宅
联发藏珑玉墅,联发集团杭州房地产开发有限公司,售罄,价格待定,别墅
北大资源颐和江南,杭州玉宸地产有限公司,售罄,价格待定,住宅
滨江江南名府,杭州滨顺房地产开发有限公司,售罄,290万/套,住宅
保亿绿城奥邸国际,杭州保亿奥体置业有限公司,售罄,价格待定,商业
蒲公英天地,休斯顿投资管理（杭州）有限公司,售罄,280万/套,商业
青枫墅园,杭州青枫房地产开发有限公司,售罄,1400万/套,别墅
和昌云栖玖著,杭州富阳天鸿置业投资有限公司,售罄,价格待定,住宅
新西湖小镇,浙江清水湾置业有限公司,售罄,价格待定,住宅
南岸晶都花园,未知开发商,售罄,950万/套,商业
旭辉珺悦府,杭州众旭置业有限公司,售罄,价格待定,底商
中南白马湖壹号,杭州中南嘉伟置业有限公司,售罄,价格待定,底商
朝阳银座,杭州众安盛隆鲤鱼门置业有限公司,售罄,200万/套,底商
保利融信大国璟,杭州融欣房地产开发有限公司,售罄,价格待定,底商
融创微风之城,莱蒙置业（富阳）有限公司,售罄,308万/套,别墅
茂宸金座,杭州世茂嘉年华置业有限公司,售罄,240万/套,商业类
奥克斯缔逸城,杭州余杭奥克斯古墩置业有限公司,售罄,371万/套,底商
翡翠城三期,杭州翡翠城房地产开发有限公司,售罄,价格待定,住宅
绿城杨柳郡,杭州东胜置业有限公司,售罄,200万/套,住宅
绿城桃李春风,临安金基房地产开发有限公司,售罄,200万/套,住宅
绿城之江1号,未知开发商,售罄,价格待定,住宅
绿城九龙仓钱塘明月,未知开发商,售罄,价格待定,住宅
杭州新世纪广场,海联控股集团有限公司 ,售罄,价格待定,商业类
中栋国际,杭州中栋房地产开发有限公司,售罄,231万/套,写字楼
上坤山语四季,杭州坤鑫置业有限公司,售罄,价格待定,住宅
宋都麓宸府,杭州旭都房地产开发有限公司,售罄,303万/套,住宅
阳光城丽景湾,未知开发商,售罄,价格待定,住宅
糖朝,未知开发商,售罄,125万/套,商业类
碧桂园玖晟府,杭州碧锦置业有限公司,售罄,206万/套,住宅
东方文化园步行街,杭州百年坊房地产开发有限公司,售罄,60万/套,商业
成龙官山邸,临安成龙房地产开发有限公司  ,售罄,608万/套,别墅
杭钢尚堂府,杭州紫元康盛房地产开发有限公司,售罄,280万/套,底商
富力十号一期,杭州品富房地产开发有限公司,售罄,价格待定,底商
龙湖璟宸府,杭州龙孜投资管理有限公司,售罄,780万/套,住宅
时代滨江翡翠之星,杭州星悦房地产开发有限公司,售罄,354万/套,住宅
汇铂金座,杭州杭盛房地产开发有限公司,售罄,120万/套,商业类
宝龙旭辉城,杭州展骧实业有限公司,售罄,187万/套,住宅
首开杭州金茂府,未知开发商,售罄,价格待定,别墅
龙湖江与城,杭州龙湖房地产开发有限公司,售罄,价格待定,住宅
 融信远洋厘望,杭州融歆房地产开发有限公司,售罄,价格待定,住宅
天城府天著,杭州弘筑置业有限公司 ,售罄,209万/套,住宅
宋都如意春江,未知开发商,售罄,223万/套,别墅
碧桂园中梁凤鸣公馆,杭州碧盛置业有限公司,售罄,212万/套,住宅
春天学府,杭州地上房地产集团有限公司,售罄,242万/套,住宅
融创金成臻蓝府,杭州融鑫翰置业有限公司,售罄,价格待定,住宅
银城云谷天境,杭州银弘实业有限责任公司,售罄,价格待定,住宅
湖滨外滩,杭州鑫悦置业有限公司,售罄,174万/套,住宅
锦上桃源,杭州杭远房地产开发有限公司,售罄,135万/套,商业类
杭佑名座,杭州天佑农业科技有限公司,售罄,140万/套,商业类
武林之光,杭州旅游投资发展有限公司,售罄,价格待定,商业
杭州大家,杭州上麟置业有限公司,售罄,价格待定,住宅
德信九溪云庄,浙江德鸿置业有限公司,售罄,价格待定,住宅
德信金茂佳源府,杭州瀚源房地产开发有限责任公司,售罄,335万/套,住宅
金地玖峯汇,杭州金霖房地产开发有限公司,售罄,303万/套,住宅
万科潮起东方,海宁景科房地产开发有限公司,售罄,550万/套,别墅
运河万科中心,杭州祥瑞汽车产业园开发有限公司,售罄,126万/套,商业类
金地玖峯汇,杭州金霖房地产开发有限公司,售罄,667万/套,别墅
保利融信和光尘樾,杭州保欣置业有限公司,售罄,233万/套,住宅
越秀湖山悦,杭州越秀房地产开发有限公司,售罄,160万/套,住宅
合景天誉,未知开发商,售罄,价格待定,住宅
星耀中心,未知开发商,售罄,310万/套,商业类
阳光城拱宸府,杭州拱运房地产有限公司,售罄,价格待定,住宅
和昌云栖玖著,杭州富阳天鸿置业投资有限公司,售罄,价格待定,别墅
金地滨江万科悦虹湾,杭州金昇房地产开发有限公司,售罄,价格待定,别墅
金科博翠碧蓝湾,杭州金唐房地产开发有限公司,售罄,444万/套,住宅
资辉壹方汇,杭州资辉置业有限公司,售罄,价格待定,商业类
金辉久尚云筑,杭州京辉置业有限公司,售罄,价格待定,住宅
中梁申花百悦公馆,杭州钧德房地产开发有限公司,售罄,148万/套,商业类
前湾江上湾,杭州科昇房地产开发有限公司,售罄,574万/套,住宅
璞玉公馆,杭州中润瑞丰置业有限公司,售罄,330万/套,底商
融创江南壹号院,杭州科筑投资开发有限公司,售罄,266万/套,住宅
龙湖璟宸府,杭州龙孜投资管理有限公司,售罄,750万/套,别墅
恒伟科技园,浙江恒伟控股集团杭州生物科技有限公司,售罄,48万/套,商业类
御东方,杭州辰祥房地产有限公司,售罄,价格待定,住宅
东原旭辉璞阅,杭州天同房地产开发有限公司,售罄,价格待定,住宅
东原旭辉璞阅,杭州天同房地产开发有限公司,售罄,价格待定,别墅
金地广场,杭州威新房地产开发有限公司,售罄,价格待定,商业
滨江东方海岸(萧山),杭州滨江盛元海岸房地产开发有限公司,售罄,160万/套,商业类
中海云宸,杭州中海襄晟房地产有限公司,售罄,653万/套,住宅
德信九溪云庄,浙江德鸿置业有限公司,售罄,价格待定,别墅
保利滨江上品,杭州滨保实业有限公司,售罄,价格待定,住宅
都会风华,杭州龙合实业有限公司,售罄,450万/套,住宅
绿地艺尚府,未知开发商,售罄,价格待定,住宅
融信旭辉湘湖悦章,杭州融晅房地产开发有限公司,售罄,350万/套,住宅
融创金成璞樾大观,杭州临安融成置业有限公司,售罄,180万/套,住宅
大家栖溪,杭州锦临置业有限公司,售罄,190万/套,住宅
旭辉中粮朗香郡,未知开发商,售罄,260万/套,住宅
荣安柳岸闻莺,杭州荣德置业有限公司,售罄,价格待定,别墅
新湖菲林山,浙江新兰得置业有限公司,售罄,价格待定,别墅
新希望滨江锦粼府,杭州新锦置业有限公司,售罄,378万/套,住宅
融信旭辉湘湖悦章,杭州融晅房地产开发有限公司,售罄,586万/套,别墅
保亿湘湖和院,杭州保亿湘越置业有限公司,售罄,价格待定,住宅
瑞城熙园,杭州瑞成房地产开发有限公司,售罄,价格待定,别墅
融创江南壹号院,杭州科筑投资开发有限公司,售罄,价格待定,别墅
杭州江山风华,杭州金实房地产开发有限公司,售罄,价格待定,别墅
融创金成十锦台,杭州临安融金置业有限公司,售罄,365万/套,别墅
荣安柳岸闻莺,杭州荣德置业有限公司,售罄,价格待定,住宅
宋都相贤府,杭州盛都置业有限公司,售罄,13200元/㎡,住宅
阳光城上林湖,浙江清源房地产开发有限公司,售罄,315万/套,别墅
嘻游城,杭州富阳金启房地产开发有限公司,售罄,价格待定,商业
保亿湘湖和院,杭州保亿湘越置业有限公司,售罄,1113万/套,别墅
杭房揽翠,杭州臻祥房地产开发有限公司,售罄,232万/套,商业类
金茂首开国樾,开茂置业（杭州）有限公司,售罄,1110万/套,别墅
越秀景瑞悦见山,杭州越荣房地产开发有限公司,售罄,价格待定,别墅
龙湖春江天越,杭州龙程房地产开发有限公司,售罄,253万/套,住宅
风荷锦庭,杭州天灿房地产开发有限公司,售罄,182万/套,住宅
众安学君里,杭州润安置业有限公司,售罄,价格待定,别墅
绿城云栖桃花源,杭州绿城银湖置业有限公司,售罄,135万/套,住宅
富力新线公园,杭州启富房地产开发有限公司,售罄,价格待定,商业
万科大溪谷,浙江南都置业有限公司,售罄,价格待定,别墅
祥生绿都京杭府,杭州祥生宜景房地产开发有限公司,售罄,价格待定,住宅
祥生绿都京杭府, 杭州祥生宜景房地产开发有限公司,售罄,价格待定,别墅
领航城,杭州长龙置业有限公司,售罄,价格待定,别墅
浙大网新银湖科技园,杭州网新银湖科技有限公司,售罄,308万/套,写字楼
恒伟科技园,浙江恒伟控股集团杭州生物科技有限公司,售罄,66万/套,住宅
风荷锦庭,杭州天灿房地产开发有限公司,售罄,300万/套,别墅
中天万科启宸,杭州嘉辰房地产开发有限公司,售罄,204万/套,住宅
路劲远洋江南院子,杭州隽洋置业有限公司,售罄,价格待定,住宅
路劲远洋江南院子,杭州隽洋置业有限公司,售罄,价格待定,别墅
绿城和庐,杭州绿城东和置业有限公司,售罄,1197万/套,别墅
浙大网新银湖科技园,杭州网新银湖科技有限公司,售罄,88万/套,商业类
绿地华家池印,绿地控股集团杭州东城房地产开发有限公司,售罄,2408万/套,别墅
旭辉东原国滨府,杭州宸盛置业有限公司,售罄,178万/套,商业类
恒大林溪郡,杭州百恒置业有限公司,售罄,135万/套,住宅
恒大林溪郡,杭州百恒置业有限公司,售罄,200万/套,别墅
海伦堡棠锦,杭州东田上庭置业有限公司,售罄,价格待定,商业
印象新城,未知开发商,售罄,价格待定,商业类
和谐江和城,杭州和谐置业有限公司,售罄,价格待定,别墅
万科海上明月,杭州锦繁置业有限公司,售罄,价格待定,商业
万科君望,富阳东润置业有限公司,售罄,236万/套,住宅
雅棠轩,杭州嘉辰房地产开发有限公司,售罄,417万/套,住宅
德信市心府,杭州德信蜀山置业有限公司,售罄,价格待定,别墅
德信市心府,杭州德信蜀山置业有限公司,售罄,价格待定,住宅
东哲云邸,杭州九居实业有限公司,售罄,29000元/㎡,商业类
蓝城春风燕语,浙江临安富源房地产开发有限公司,售罄,372万/套,别墅
万科西望,杭州万锦置业有限公司,售罄,214万/套,住宅
奥克斯时代未来之城,杭州奥克斯置业有限公司,售罄,价格待定,商业
佳源西溪印象,杭州振明置业有限公司,售罄,价格待定,别墅
融创宜和园,杭州融大齐云置业有限公司,售罄,价格待定,别墅
国开东方凤凰台,杭州丽湖房地产开发有限公司,售罄,价格待定,别墅
北大资源颐和江南,杭州玉宸地产有限公司,售罄,46900元/㎡,别墅
碧桂园望江台,建德碧桂园房地产开发有限公司,售罄,价格待定,住宅
金茂首开国樾,开茂置业（杭州）有限公司,售罄,729万/套,住宅
融创金成未来海,杭州金合置业有限公司,售罄,价格待定,底商
中锐招商星未来,杭州惠余置业有限公司,售罄,价格待定,住宅
中豪湘和国际,杭州中豪水湘置业有限公司,售罄,110万/套,商业类
西溪曼哈顿,浙江恒发置业有限公司,售罄,价格待定,商业
金地风华东方,桐庐励耘实业有限公司,售罄,价格待定,住宅
银城云谷天境,杭州银弘实业有限责任公司,售罄,451万/套,别墅
万科西望,杭州万锦置业有限公司,售罄,533万/套,别墅
绿都鉴未来,杭州睿都置业有限公司,售罄,价格待定,住宅
绿都鉴未来,杭州睿都置业有限公司,售罄,价格待定,别墅
湖滨外滩,杭州鑫悦置业有限公司,售罄,568万/套,别墅
富景都会公寓,杭州富阳富茂置业有限公司,售罄,200万/套,住宅
北城芳满庭,杭州华元房地产集团有限公司,售罄,162万/套,住宅
星光荟,杭州汇和置业有限公司,售罄,110万/套,商业类
北城芳满庭,杭州仁河置业有限公司,售罄,472万/套,别墅
随塘,杭州弘招城房地产开发有限公司,售罄,236万/套,住宅
富力御江山小区,杭州冠富房地产开发有限公司,售罄,价格待定,别墅
杭州江山风华,杭州金运房地产开发有限公司,售罄,价格待定,住宅
随塘,杭州弘招城房地产开发有限公司,售罄,412万/套,别墅
旭辉东原国滨府,杭州宸盛置业有限公司,售罄,价格待定,住宅
滨江新希望拥潮府,杭州滨宁房地产开发有限公司,售罄,价格待定,住宅
兴耀锦里,杭州星澳置业有限公司,售罄,价格待定,商业类
合景天誉,未知开发商,售罄,价格待定,别墅
武林之光,杭州旅游投资发展有限公司,售罄,价格待定,商业类
祥生云境,杭州祥生弘程房地产开发有限公司,售罄,530万/套,住宅
祥生云境,杭州祥生弘程房地产开发有限公司,售罄,价格待定,别墅
金成英特尔湾,杭州远东房地产开发有限公司,售罄,价格待定,住宅
城镇依山郡,临安市城镇房地产开发有限公司,售罄,72万/套,住宅
广宇东港空间,广宇集团股份有限公司,售罄,280万/套,商业类
万锦花苑,未知开发商,售罄,300万/套,别墅
雍澜府,杭州北隆房地产开发有限公司,售罄,194万/套,住宅
中庆润泽院,杭州富阳中庆房地产发展有限公司,售罄,191万/套,住宅
奥克斯金宸玖和府,杭州奥克斯置业有限公司,售罄,803万/套,别墅
万象上东,杭州萧山爱迪尔房地产有限公司,售罄,价格待定,住宅
绿都金科和宁文华府,杭州泰都置业有限公司,售罄,469万/套,住宅
奥克斯时代未来之城,杭州奥克斯置业有限公司,售罄,价格待定,住宅
中旅名门府新境,杭州港中旅城市发展有限公司,售罄,323万/套,住宅
世茂璀璨澜宸,杭州世茂新体验房地产有限责任公司,售罄,281万/套,住宅
中国中铁溪畔云璟府,金隅中铁诺德（杭州）房地产开发有限公司,售罄,183万/套,住宅
融创东麟府,杭州创华置业有限公司,售罄,170万/套,底商
云潮府,杭州科融置业有限公司,售罄,360万/套,住宅
汉港武林汇,杭州港联置业有限公司,售罄,价格待定,商业
阳光城山水悦江府,杭州富阳利光和房地产开发有限公司,售罄,211万/套,住宅
保亿麓语湖苑,保亿临湖（杭州）置业有限公司,售罄,153万/套,住宅
龙湖武林上城,杭州龙荟房地产开发有限公司,售罄,269万/套,住宅
凤起钱潮,未知开发商,售罄,1033万/套,住宅
绿地亚洲公园,杭州绿地锦城房地产开发有限公司,售罄,191万/套,住宅
德信时代公馆,未知开发商,售罄,445万/套,别墅
贤辰府,杭州富阳恒鑫房地产有限公司,售罄,143万/套,住宅
新视界公寓,杭州锦昊房地产开发有限公司,售罄,260万/套,住宅
雅颂市心府,杭州德信蜀山置业有限公司,售罄,126万/套,商业类
保利澄品,杭州保泓房地产开发有限公司,售罄,624万/套,住宅
景瑞镜溪绿汀,杭州景胜置业有限公司,售罄,855万/套,别墅
金都夏宫,杭州贝利金都置业有限公司,售罄,价格待定,底商
滨江金地御品,杭州滨望房地产开发有限公司,售罄,价格待定,住宅
中梁云玺,杭州名宸置业有限公司,售罄,价格待定,住宅
新希望滨江锦宸,杭州锦翎置业有限公司,售罄,价格待定,住宅
中交理想时代芳华,杭州康欣置业有限公司,售罄,价格待定,住宅
中交理想时代芳华,杭州康欣置业有限公司,售罄,价格待定,别墅
滨江春盛大江名筑,杭州春盛置业有限公司,售罄,214万/套,住宅
联发藏珑大境,联发集团联翔（杭州）房地产开发有限公司,售罄,价格待定,住宅
联发藏珑大境,联发集团联翔（杭州）房地产开发有限公司,售罄,684万/套,别墅
云悦湾,杭州盛寅房地产开发有限公司,售罄,520万/套,底商
天阳云栖梅林,杭州天林置业有限公司,售罄,275万/套,住宅
天阳云栖梅林,杭州天林置业有限公司,售罄,450万/套,别墅
华联钱塘公馆,杭州华联置业有限公司,售罄,2500万/套,商业类
宋都如意溪湖,杭州沛都房地产开发有限公司,售罄,162万/套,住宅
越秀星悦城,杭州越秀房地产开发有限公司,售罄,444万/套,别墅
美晟府,未知开发商,售罄,164万/套,住宅
融创金成璞樾大观,杭州临安融成置业有限公司,售罄,380万/套,别墅
融信远洋厘望,杭州融歆房地产开发有限公司,售罄,价格待定,别墅
赞成旭辉时代悦章,杭州金硕房地产开发有限公司,售罄,价格待定,别墅
众安绿城南湖明月,杭州馨华园房地产开发有限公司,售罄,价格待定,住宅
众安绿城南湖明月,杭州馨华园房地产开发有限公司,售罄,580万/套,别墅
仁恒滨江园,杭州滨恒房地产开发有限公司,售罄,1345万/套,住宅
仁恒祥生珊瑚世纪雅园,杭州仁祥房地产开发有限公司,售罄,548万/套,住宅
仁恒祥生珊瑚世纪雅园,杭州仁祥房地产开发有限公司,售罄,895万/套,别墅
运河ONE,杭州融尚置地有限公司,售罄,价格待定,住宅
天阅运河源,杭州融祥置地有限公司,售罄,价格待定,住宅
融创金成杭源里,杭州金辰置业有限公司,售罄,720万/套,住宅
融创港印中心,杭州圆汇投资置业有限公司,售罄,80万/套,商业类
龙湖紫金上城,杭州龙郦实业有限公司,售罄,160万/套,商业类
电建泷悦华府,杭州泷悦置业有限公司,售罄,385万/套,住宅
天阳融信东寰名邸,未知开发商,售罄,274万/套,住宅
德信钱塘云庄,杭州中宸城镇建设有限公司,售罄,415.9万/套,住宅
杭州富力中心,杭州富力房地产开发有限公司,售罄,201万/套,商业类
杭州富力中心,杭州富力房地产开发有限公司,售罄,36100元/㎡,住宅
德信大江壹号,浙江德璟置业有限公司,售罄,价格待定,住宅
绿城晓风印月,杭州绿城滨和置业有限公司,售罄,640万/套,住宅
翡翠城梧桐郡,杭州翡翠城房地产开发有限公司,售罄,210万/套,住宅
上塘九里,杭州益光房地产开发有限公司,售罄,价格待定,住宅
地铁万科天空之城,杭州西曙置业有限公司,售罄,350万/套,住宅
恒大御泉四季,杭州盛建置业有限公司,售罄,124万/套,别墅
国宸府,杭州昌赫置业有限公司,售罄,251万/套,住宅
国宸府,杭州昌赫置业有限公司,售罄,价格待定,别墅
龙湖葛洲坝景粼天著,杭州龙誉投资管理有限公司,售罄,600万/套,住宅
中铁诺德雅逸府,中铁诺德（杭州）置业有限公司,售罄,354万/套,住宅
兴耀锦里,杭州星澳置业有限公司,售罄,价格待定,底商
华鸿中南壹号院,杭州嘉正置业有限公司,售罄,176万/套,住宅
中建锦绣越府,杭州中建申杭房地产开发有限公司,售罄,322万/套,住宅
中建锦绣越府,杭州中建申杭房地产开发有限公司,售罄,693万/套,别墅
碧桂园十里春风,桐庐碧辰置业有限公司,售罄,480万/套,别墅
碧桂园十里春风,桐庐碧辰置业有限公司,售罄,208万/套,住宅
高科商业中心,杭州富阳金启房地产开发有限公司,售罄,55万/套,商业类
融创望潮印一期（云潮府）,杭州科融置业有限公司,售罄,95万/套,商业类
星光国际公馆,浙江华联杭州湾创业有限公司,售罄,160万/套,商业类
葛洲坝龙湖中杭府,葛洲坝（杭州）房地产开发有限公司,售罄,价格待定,住宅
苕溪学府,杭州地上房地产集团有限公司,售罄,93万/套,住宅
首创禧瑞江南,杭州临创置业有限公司,售罄,280万/套,住宅
首创禧瑞江南,杭州临创置业有限公司,售罄,456万/套,别墅
九龙仓天玺,龙鼎房地产（杭州）有限公司,售罄,757万/套,住宅
中冶锦绣华府,杭州中冶名锦房地产开发有限公司,售罄,616万/套,住宅
招商闻博花城,杭州南兴房地产开发有限公司,售罄,405万/套,住宅
招商闻博花城,杭州南兴房地产开发有限公司,售罄,624万/套,别墅
山水如画,未知开发商,售罄,216万/套,底商
富春一品,建德市乾潭商会大厦开发建设有限公司,售罄,88万/套,住宅
坤生栖悦,杭州西太华坤生房地产有限公司,售罄,86万/套,商业类
理想银泰城,杭州理想银泰购物中心有限公司,售罄,420万/套,写字楼
信达东莱府,长淮信达地产有限公司,售罄,580万/套,住宅
九龙仓华发天荟,龙景房地产（杭州）有限公司,售罄,961万/套,住宅
城北万象城幸福里,杭州润珹房地产开发有限公司,售罄,236万/套,住宅
东原德信九章赋,杭州创蜀房地产开发有限责任公司,售罄,283万/套,住宅
环翼城,杭州合威置业有限公司,售罄,160万/套,商业类
绿都东澜府,杭州绿润置业有限公司,售罄,价格待定,住宅
众安西溪未来里,未知开发商,售罄,价格待定,住宅
承安HYGGE源翠府,杭州承惠房地产开发有限公司,售罄,价格待定,住宅
状元府,杭州通策宝群置业有限公司,售罄,价格待定,别墅
西房杭语宸鹭院,杭州鑫怡置业有限公司,售罄,价格待定,住宅
西房杭语宸鹭院,杭州鑫怡置业有限公司,售罄,价格待定,别墅
德信大江壹号,浙江德璟置业有限公司,售罄,85万/套,商业类
星创新里程中心,浙江星达置业有限公司,售罄,110万/套,商业类
奥克斯金宸玖和府,杭州萧山奥克斯置业有限公司,售罄,485万/套,住宅
世宸名府,杭州华宇业瑞房地产开发有限公司,售罄,406万/套,住宅
世宸名府,杭州华宇业瑞房地产开发有限公司,售罄,880万/套,别墅
世宸名府,杭州华宇业瑞房地产开发有限公司,售罄,110万/套,商业类
德信时代公馆,未知开发商,售罄,180万/套,住宅
龙湖葛洲坝景粼天著,杭州龙誉投资管理有限公司,售罄,1104万/套,别墅
四季都会,杭州富云置业有限公司,售罄,185万/套,住宅
秋实宸悦,杭州宸睿置业有限公司,售罄,价格待定,住宅
融信空港澜天,杭州融辰置业有限公司,售罄,233万/套,住宅
时代滨江悦,杭州滨悦房地产开发有限公司,售罄,600万/套,住宅
华侨城芳菲与城,杭州兰侨置业有限公司,售罄,650万/套,别墅
远洋路劲上河宸章,杭州隽远置业有限公司,售罄,价格待定,住宅
远洋路劲上河宸章,杭州隽远置业有限公司,售罄,价格待定,别墅
杭房悦东方,杭州宇祥房地产开发有限公司,售罄,169万/套,住宅
杭房悦东方,杭州市房地产开发集团有限公司,售罄,520万/套,别墅
湖境云庐,杭州绿城交投锦溪置业有限公司,售罄,价格待定,别墅
华侨城芳菲与城,杭州兰侨置业有限公司,售罄,500万/套,住宅
御清城,杭州润昕置业有限公司,售罄,173万/套,住宅
御清城,杭州润昕置业有限公司,售罄,345万/套,别墅
赞成旭辉时代悦章,杭州金硕房地产开发有限公司,售罄,价格待定,住宅
中海黄龙云起,杭州中海海创房地产有限公司,售罄,价格待定,住宅
绿城天语山居,临安园丁置业有限公司,售罄,167万/套,住宅
中梁御府,杭州正梁置业有限公司,售罄,216万/套,住宅
中梁御府,杭州正梁置业有限公司,售罄,608万/套,别墅
云集金座,浙江临安环球交通物流有限公司,售罄,47万/套,商业类
德信钱塘云庄,杭州德淼置业有限公司,售罄,1408.8万/套,别墅
奥园华景川上锦宸府,浙江朝华房地产开发有限公司,售罄,560万/套,别墅
星央悦府,杭州卓林置业有限公司,售罄,197万/套,住宅
融信大发弘阳沁澜,杭州融朗房地产开发有限公司,售罄,价格待定,住宅
德信大家运河云庄,杭州德信润楠置业有限公司,售罄,价格待定,住宅
德信大家运河云庄,杭州德信润楠置业有限公司,售罄,951万/套,别墅
城南银泰城,杭州萧山银城置业有限公司,售罄,130万/套,住宅
佳兆业云峰,杭州佳裕置业有限公司,售罄,价格待定,住宅
碧桂园泷悦,淳安碧桂园房地产开发有限公司,售罄,价格待定,住宅
碧桂园泷悦,淳安碧桂园房地产开发有限公司,售罄,价格待定,别墅
印象苕溪城,杭州锦圆置业有限公司,售罄,250万/套,住宅
杭州融创城,杭州融伦置业有限公司,售罄,204万/套,住宅
恒大国玺悦龙府,杭州丰涛置业有限公司,售罄,780万/套,住宅
观棠明月,杭州弘利房地产开发有限公司,售罄,275万/套,住宅
观棠明月,杭州弘利房地产开发有限公司,售罄,592万/套,别墅
中南棠玥湾,杭州锦府置业有限公司,售罄,508万/套,住宅
江畔铭座,杭州瑞胜置业有限公司,售罄,80万/套,商业类
首开天青里,杭州首开润泰置业有限公司,售罄,525万/套,住宅
首开天青里,杭州首开润泰置业有限公司,售罄,1555.2万/套,别墅
金隅观澜商业中心,金隅（杭州）房地产开发有限公司,售罄,180万/套,商业类
融创臻源锦宁里,杭州嘉裕房地产开发经营有限公司,售罄,价格待定,住宅
中交悦美庐,中交美庐（杭州）置业有限公司,售罄,207万/套,住宅
中交悦美庐,中交美庐（杭州）置业有限公司,售罄,价格待定,别墅
中量畅享幸福里,中量建工股份有限公司,售罄,价格待定,住宅
奥园华景川上锦宸府,浙江朝华房地产开发有限公司,售罄,169万/套,住宅
杭州春树云筑,杭州西投绿城置业有限公司,售罄,120万/套,商业类
奥体朝龙汇,杭州国逸实业有限公司,售罄,2000万/套,商业类
山水如画,杭州富阳瑞宸房地产有限公司,售罄,112万/套,住宅
融创臻源锦宁里,杭州嘉裕房地产开发经营有限公司,售罄,1167万/套,别墅
华夏之心,未知开发商,售罄,价格待定,商业
绿城春来晓园,杭州绿城风华房地产开发有限公司,售罄,944万/套,住宅
碧桂园铂玺湾,杭州富睿置业有限公司,售罄,204万/套,住宅
杭语蓝庭,杭州西湖房地产集团有限公司,售罄,价格待定,住宅
阳光城西郊半岛,未知开发商,售罄,368万/套,别墅
德信时光之宸,杭州德凯置业有限公司,售罄,143万/套,住宅
未来之芯,杭州临安锦科实业投资有限公司,售罄,76万/套,商业类
银城青山湖畔,银城地产集团股份有限公司,售罄,400万/套,别墅
宝龙旭辉城,杭州展骧实业有限公司,售罄,72万/套,商业类
蓝城芷园,未知开发商,售罄,493万/套,别墅
滨江东原拥翠府,杭州滨原房地产开发有限公司,售罄,356万/套,住宅
天润西麓府,杭州香墅湾房地产开发有限公司,售罄,138万/套,住宅
天润西麓府,杭州香墅湾房地产开发有限公司,售罄,392万/套,别墅
滨江御虹府,杭州滨乾房地产开发有限公司,售罄,价格待定,住宅
中骏临栖云府,杭州嘉怡置业有限公司,售罄,440万/套,别墅
地铁万科天空之城,杭州西曙置业有限公司,售罄,776万/套,别墅
越秀天萃名邸,杭州钰杭房地产开发有限公司,售罄,价格待定,住宅
时代滨江丹枫四季,杭州杭天房地产开发有限公司,售罄,778万/套,住宅
滨江定福阁,杭州新惠房地产开发有限公司,售罄,价格待定,别墅
缦云府,杭州越星房地产开发有限公司,售罄,358万/套,别墅
越秀前滩名邸,杭州钰杭房地产开发有限公司,售罄,670万/套,住宅
花语天境府,杭州京宏房地产开发有限公司,售罄,551万/套,住宅
花语天境府,杭州京宏房地产开发有限公司,售罄,60600元/㎡,别墅
富阳悦享同心湾,杭州富阳万达置业有限公司,售罄,195万/套,住宅
滨江龙湖东潮府,杭州滨沁房地产开发有限公司,售罄,850万/套,住宅
世茂璀璨澜庭,杭州世茂新领航房地产有限责任公司,售罄,价格待定,住宅
越秀悦映城,杭州杭秀房地产开发有限公司,售罄,165万/套,住宅
滨江龙湖东潮府,杭州滨沁房地产开发有限公司,售罄,1260万/套,别墅
越秀悦映城,杭州杭秀房地产开发有限公司,售罄,400万/套,别墅
融望之城,杭州金越房地产开发有限公司,售罄,253万/套,住宅
桂语听澜轩,杭州绿城启兴置业有限公司,售罄,391万/套,住宅
东原德信九章赋,杭州创蜀房地产开发有限责任公司,售罄,1047万/套,别墅
远洋西溪公馆,浙江国恒西溪置业有限公司,售罄,价格待定,别墅
中天雅境,杭州嘉珺房地产开发有限公司,售罄,165万/套,住宅
古翠蓝庭,未知开发商,售罄,703万/套,住宅
融创森与海之城,杭州融阳政房地产开发有限公司,售罄,600万/套,别墅
世茂钱塘天誉,杭州茂国悦盈置业有限公司,售罄,987万/套,别墅
荣盛檀越府,杭州荣尚置业有限公司,售罄,231万/套,住宅
融望之城,杭州金越房地产开发有限公司,售罄,45200元/㎡,别墅
悦融湾,杭州萧山城区建设有限公司,售罄,121万/套,住宅
绿城天语山居,临安园丁置业有限公司,售罄,551万/套,别墅
拥涛府,杭州滨御房地产开发有限公司,售罄,360万/套,住宅
万固珺府,杭州之江万固置业有限公司,售罄,160万/套,住宅
荣安招商祥宸府,杭州荣福置业有限公司,售罄,351万/套,住宅
荣安招商祥宸府,杭州荣福置业有限公司,售罄,40000元/㎡,别墅
绿城春风金沙,杭州绿城浙帆置业有限公司,售罄,397万/套,住宅
中旅归锦府,杭州港中旅钱江城市发展有限公司,售罄,415万/套,住宅
滨江新希望悦潮府,杭州滨得房地产开发有限公司,售罄,324万/套,住宅
滨江御滨府,杭州滨音企业管理有限公司,售罄,496万/套,住宅
阳光城保亿翡丽云邸,杭州临光房地产开发有限公司,售罄,270万/套,住宅
阳光城保亿翡丽云邸,杭州临光房地产开发有限公司,售罄,443万/套,别墅
金辉紫雅云邸,杭州融辉铭著实业有限公司,售罄,价格待定,住宅
新希望华发锦粼云荟,杭州锦瑜置业有限公司,售罄,310万/套,住宅
保利欣品华庭,杭州保利建嘉房地产开发有限公司,售罄,330万/套,住宅
华景川云流名邸,杭州萧山华景川房地产开发有限公司,售罄,136万/套,住宅
新希望美的长粼府,杭州锦澜置业有限公司,售罄,306万/套,住宅
世茂国风大境,杭州临安同人置业有限公司,售罄,价格待定,住宅
宝龙融信新世邸,杭州临安龙兴房地产开发有限公司,售罄,150万/套,住宅
春月锦庐,杭州绿城致昇置业有限公司,售罄,860万/套,住宅
德信阅杭,杭州星信置业有限公司,售罄,201万/套,住宅
东原德信印奥湾,杭州励东房地产开发有限公司,售罄,280万/套,住宅
滨江君品名邸,杭州滨博房地产开发有限公司,售罄,484万/套,住宅
建发金辉紫璋台,杭州鑫建辉实业有限公司,售罄,价格待定,住宅
宋都济宸府,杭州鸿扬投资管理有限公司,售罄,163万/套,住宅
良语久园,杭州嘉玥房地产开发有限公司,售罄,230万/套,住宅
良语久园,杭州嘉玥房地产开发有限公司,售罄,397万/套,别墅
保亿阳光城丽光城,保亿丽光（杭州）置业有限公司,售罄,220万/套,住宅
理想臻品,理想四维地产集团有限公司,售罄,300万/套,住宅
中天溪风雅韵,杭州嘉灿房地产开发有限公司,售罄,103万/套,住宅
中天溪风雅韵,杭州嘉灿房地产开发有限公司,售罄,389万/套,别墅
北上星云府,杭州美润房地产有限公司,售罄,价格待定,住宅
普大福地,未知开发商,售罄,140万/套,商业类
时代天境,杭州明道房地产开发有限公司,售罄,245万/套,住宅
湖光山社,浙江新广发置业有限公司,售罄,216万/套,住宅
湖光山社,浙江新广发置业有限公司,售罄,468万/套,别墅
融信展望,杭州融浩置业有限公司,售罄,387万/套,住宅
未来七彩小镇,嘉凯城城镇化建设发展（余杭闲林）有限公司,售罄,150万/套,商业类
融创滨江御潮府,杭州滨融房地产开发有限公司,售罄,2765万/套,别墅
保利潮起云上府,保利（杭州）房地产开发有限公司,售罄,304万/套,住宅
中天汀洲印月,杭州铭筑房地产开发有限公司,售罄,206万/套,住宅
佳兆业德信云望璞园,杭州德信富东置业有限公司,售罄,184万/套,住宅
中景华庭,杭州隽胜置业有限公司,售罄,226万/套,住宅
融信荣望,杭州锦官置业有限公司,售罄,281万/套,住宅
龙湖湘湖原著,未知开发商,售罄,855万/套,别墅
九城渔人码头,杭州九城置业有限公司,售罄,120万/套,住宅
伟业熙境府,杭州隽伟置业有限公司,售罄,176万/套,住宅
恒大观澜府,杭州桐恒置业有限公司,售罄,21000元/㎡,住宅
春和云境,杭州北和置业有限公司,售罄,313万/套,住宅
岸上蓝山公寓,未知开发商,售罄,744万/套,别墅
卓越明熙府,杭州卓越润达置业有限公司,售罄,191万/套,住宅
广宇锦上文澜,杭州冬宇房地产开发有限公司,售罄,264万/套,住宅
坤和融创开元望金沙,杭州元融坤房地产开发有限公司,售罄,378万/套,住宅
万科前宸,杭州名城博园置业有限公司,售罄,311万/套,住宅
上塘源著,浙江天都实业有限公司,售罄,300万/套,住宅
滨江嘉品,杭州滨儒企业管理有限公司,售罄,564万/套,住宅
联发北秀观云,未知开发商,售罄,326万/套,住宅
香港置地上河公元,杭州瀚置和悦实业发展有限公司,售罄,356万/套,住宅
未来旭辉城,杭州兴湖置业有限公司,售罄,205万/套,住宅
聆潮府,杭州北辰京诚置业有限公司,售罄,380万/套,住宅
聆潮府,杭州北辰京诚置业有限公司,售罄,650万/套,别墅
滨江春语蓝庭,杭州滨丰房地产开发有限公司,售罄,294万/套,住宅
合景泰富揽月臻翠府,杭州惠烜有限公司,售罄,40800元/㎡,住宅
众安顺源府,杭州众安银湖房地产开发有限公司,售罄,246万/套,住宅
群升万国天地,未知开发商,售罄,160万/套,商业类
曲江新鸥鹏杭州第三城（久境府）,未知开发商,售罄,235万/套,住宅
长麓府,杭州临安新都房地产开发有限公司,售罄,142万/套,住宅
中天云望,杭州天钰房地产开发有限公司,售罄,513万/套,住宅
中天云望,杭州天钰房地产开发有限公司,售罄,775万/套,别墅
凤玺云著府,杭州金虹置业有限公司,售罄,价格待定,住宅
滨耀城,杭州星滨置业有限公司,售罄,266万/套,住宅
融创城,杭州融伦置业有限公司,售罄,483万/套,别墅
悦风华,杭州骏兴置业有限公司,售罄,451万/套,住宅
金地大运桥西府,杭州金贤房地产开发有限公司,售罄,424万/套,住宅
联发溪语宸庐,联发集团杭州联嘉房地产开发有限公司,售罄,364万/套,住宅
中南春溪集,杭州锦昱置业有限公司,售罄,270万/套,住宅
禹洲宋都望林府,杭州禹翔房地产开发有限公司,售罄,650万/套,住宅
融创滨江御潮府,杭州滨融房地产开发有限公司,售罄,858万/套,住宅
香栖天第,杭州嘉佑置业有限公司,售罄,445万/套,住宅
中海望庐,杭州中海启晖房地产有限公司,售罄,694万/套,住宅
阳光城檀映里,杭州碧光房地产开发有限公司,售罄,540万/套,住宅
径山园,杭州恒盛置业有限公司,售罄,676万/套,别墅
光合映,杭州祥生宜信房地产开发有限公司,售罄,价格待定,住宅
北樾府,未知开发商,售罄,180万/套,住宅
杭辰星万里,杭州星雨置业有限公司,售罄,188万/套,住宅
龙湖融信天琅府,杭州龙湖房地产开发有限公司,售罄,294万/套,住宅
阳光城兴耀花漾里,杭州光润置业有限公司,售罄,156万/套,住宅
兴耀星漫里,杭州星熙置业有限公司,售罄,368万/套,住宅
路劲银城澜仕里,杭州隽劲置业有限公司,售罄,287万/套,住宅
新希望锦畔云汀,杭州锦衡置业有限公司,售罄,203万/套,住宅
竹韵小筑,杭州临安新都房地产开发有限公司,售罄,134万/套,住宅
森临澜府,金隅瀚潮（杭州）房地产开发有限公司,售罄,360万/套,住宅
花样年对越天,杭州花创房地产开发有限公司,售罄,377万/套,住宅
融信远洋厘望轩,杭州融歆房地产开发有限公司,售罄,650万/套,商业类
融创望潮印二期（湖悦江南院）,杭州科筑投资开发有限公司,售罄,110万/套,商业类
星合映,杭州祥生宜远房地产开发有限公司,售罄,204万/套,住宅
天樾四季城,杭州运塘房地产开发有限公司,售罄,343万/套,别墅
景瑞路劲海逸翠廷,杭州隽恒置业有限公司,售罄,205万/套,住宅
绿城桂语映月,杭州绿城银湖置业有限公司,售罄,159万/套,住宅
春来枫华,杭州绿城浙昱置业有限公司,售罄,460万/套,住宅
荷源府,杭州众安白马房地产开发有限公司,售罄,400万/套,住宅
中梁沐宸院,杭州石宸置业有限公司,售罄,338万/套,住宅
三迪枫丹雅居,杭州三升置业发展有限公司,售罄,137万/套,住宅
大华潮悦前城,杭州大华新湾房地产开发有限公司,售罄,168万/套,住宅
蜀惠朝闻花城,杭州滨宇房地产开发有限公司,售罄,263万/套,住宅
金科博翠碧蓝湾,杭州金唐房地产开发有限公司,售罄,846万/套,别墅
绿地香港宸瀚里,杭州绿臻置业有限公司,售罄,204万/套,住宅
杭语清澄,杭州西湖房地产集团有限公司,售罄,228万/套,住宅
合景泰富寰汇,杭州晋烜房地产开发有限公司,售罄,价格待定,商业
东湖尚府,杭州艺尚建设开发有限公司,售罄,225万/套,住宅
南樾府,杭州地上集团城南房地产有限公司,售罄,121万/套,住宅
滨江翠语华庭,杭州滨荣房地产开发有限公司,售罄,397万/套,住宅
德信中心,杭州德信产业发展有限公司,售罄,480万/套,住宅
观湖之宸公寓,杭州德信九乔置业有限公司,售罄,288万/套,住宅
滨江绿城江河鸣翠,杭州滨合房地产开发有限公司,售罄,价格待定,住宅
金地滨与城,杭州金戴房地产开发有限公司,售罄,118万/套,住宅
荣安春月杭宁府,杭州康浩置业有限公司,售罄,45000元/㎡,住宅
滨江沁语晓庭,杭州滨昌房地产开发有限公司,售罄,334万/套,住宅
大家湛景天承美筑,杭州祥麟置业有限公司,售罄,350万/套,住宅
大家坤和·美筑,杭州丰麟置业有限公司,售罄,321万/套,住宅
绿城茗春苑,杭州茶镇置业开发有限公司,售罄,1300万/套,住宅
百郦玲珑府,甘建投（杭州）房地产有限公司,售罄,49000元/㎡,别墅
新湖香格里拉,杭州新城创宏房地产开发有限公司,售罄,214万/套,住宅
三盛大家汝悦美境府,杭州萧麟置业有限公司,售罄,334万/套,住宅
盈都吾角商业中心,杭州盈坤置业有限公司,售罄,112万/套,写字楼
荣安春熙上和湾,杭州康丰置业有限公司,售罄,460-790万/套,住宅
香悦和鸣府,杭州新城英冠鸿轩房地产开发有限公司,售罄,500万/套,别墅
香悦和鸣府,杭州新城英冠鸿轩房地产开发有限公司,售罄,250万/套,住宅
顺发·美颂城,顺发恒业有限公司,售罄,328万/套,住宅
融信天阳云澜天第府,杭州融益房地产开发有限公司,售罄,402万/套,住宅
远洋建华宸章新邸,杭州远宸建祥置业有限公司,售罄,451万/套,住宅
融创望潮印一期（云潮府）,杭州科融置业有限公司,售罄,180万/套,底商
大华春山明月,杭州大华青山湖房地产开发有限公司,售罄,26000元/㎡,住宅
七彩星商业中心,嘉凯城城镇化建设发展（余杭星桥）有限公司,售罄,95万/套,商业类
中旅时光里,杭州旅投房地产开发有限公司,售罄,267万/套,住宅
源著天樾府,杭州敏景房地产开发有限公司,售罄,267万/套,住宅
桃李湖滨,杭州桃李湖滨房地产开发有限公司,售罄,315万/套,住宅
桃李湖滨,杭州桃李湖滨房地产开发有限公司,售罄,560万/套,别墅
滨江博语华庭,杭州滨航房地产开发有限公司,售罄,336万/套,住宅
滨江星翠澜庭,杭州滨泰房地产开发有限公司,售罄,550万/套,住宅
招商融信天澜,杭州融洽实业有限公司,售罄,289万/套,住宅
建发书香印翠,杭州兆欣房地产有限公司,售罄,772万/套,住宅
星创晶悦府,浙江星晖置业有限公司,售罄,377万/套,住宅
绿城交投晓月澄庐,杭州绿城交投锦溪置业有限公司,售罄,1043万/套,别墅
合景泰富寰汇（石门街6号）,未知开发商,售罄,85万/套,写字楼
滨融府,杭州融滨昌盛置业有限公司,售罄,54000元/㎡,住宅
德信中南江上云起, 德信地产集团有限公司,售罄,124万/套,住宅
德信中南江上云起,德信地产集团有限公司,售罄,380万/套,别墅
招商博奥花宸里,招商局地产（杭州）有限公司,售罄,325万/套,住宅
佳兆业印月,杭州兆成置业有限公司,售罄,413万/套,住宅
景瑞晴海,杭州景晖置业有限公司,售罄,328万/套,住宅
华景川樾滨府,杭州萧山锦翔房地产开发有限公司,售罄,112.44万/套,住宅
佳源驭远玖墅,杭州国申房地产开发有限公司,售罄,255万/套,住宅
溪上俪庭,杭州芳满庭置业有限公司,售罄,190万/套,住宅
龙湖湘湖原著,未知开发商,售罄,260万/套,住宅
滨江观品,杭州滨远房地产开发有限公司,售罄,798万/套,住宅
严州誉境府,杭州新城英冠房地产开发有限公司,售罄,23000元/㎡,住宅
华润置地亚奥城,华润置地（杭州）发展有限公司,售罄,580万/套,住宅
新安郡,建德德旭置业有限公司,售罄,146万/套,住宅
万科日耀之城,杭州万科亚运村开发有限公司,售罄,47000元/㎡,住宅
青漫里,杭州星涌置业有限公司,售罄,270万/套,住宅
宋都如意云庐,杭州逸都房地产开发有限公司,售罄,210万/套,住宅
合能杭玥府,杭州瑞进合能房地产开发有限公司,售罄,250万/套,住宅
滨江兴耀滨耀学府,杭州星昀置业有限公司,售罄,370万/套,住宅
保利和者时光印象府,杭州保颐置业有限公司,售罄,25000元/㎡,住宅
华鸿东潮云庭,杭州鸿城置业有限公司,售罄,180万/套,住宅
环翼城,杭州合威置业有限公司,售罄,520万/套,底商
星创晶晖里,浙江韬创置业有限公司,售罄,371万/套,住宅
中海望庐|云起武林,杭州中海启晖房地产有限公司,售罄,1400万/套,商业类
赞成漫悦,杭州金穗房地产开发有限公司,售罄,260万/套,住宅
云起中心,杭州云起商用置业有限公司,售罄,140万/套,商业类
金成潮塘轩,杭州金蓬置业有限公司,售罄,214万/套,住宅
绿城桂冠东方,杭州绿城亚运村开发有限公司,售罄,530万/套,住宅
锦尚和品府,杭州滨文房地产开发有限公司,售罄,51700元/㎡,住宅
建发银泰天悦,桐庐银悦商业发展有限公司,售罄,250万/套,住宅
高运尚悦府,杭州高运房地产开发有限公司,售罄,92万/套,住宅
滨汇之都,杭州建泽房地产开发有限公司,售罄,530万/套,住宅
金成汀云上府,湖州祥新房地产开发有限公司,售罄,357万/套,住宅
西湖公馆,未知开发商,售罄,110万/套,商业类
花曜里,未知开发商,售罄,364万/套,住宅
德信博宸君府,浙江连投房地产开发有限公司,售罄,450万/套,别墅
璞悦江南府,杭州文能置业有限公司,售罄,242万/套,住宅
滨江滨涛映月,杭州滨胜房地产开发有限公司,售罄,37500元/㎡,住宅
龙湖坤和·滨康天曜城,杭州龙宇置业有限公司,售罄,570万/套,住宅
德信滨望之宸,杭州德信临宸置业有限公司,售罄,143.29万/套,住宅
中海黄龙云起|三里庐,杭州中海海创房地产有限公司,售罄,1800万/套,商业
雨茗云舍,杭州隽龙置业有限公司,售罄,512万/套,住宅
前湾畅想江澜湾,杭州科谊房地产开发有限公司,售罄,300万/套,住宅
世茂风颂府,杭州茂启房地产开发有限公司,售罄,488万/套,住宅
潮和阅江台轩,杭州保汇置业有限公司,售罄,33000元/㎡,住宅
萧元江南沥城,杭州新丝路房地产开发有限公司,售罄,178-221万/套,住宅
枫漫小筑,杭州星凝置业有限公司,售罄,210万/套,住宅
曲江新鸥鹏杭州第三城（久雍府）,杭州曲江新鸥鹏企业运营管理有限责任公司,售罄,260万/套,住宅
葛洲坝龙湖中杭府,葛洲坝（杭州）房地产开发有限公司,售罄,价格待定,别墅
新希望华发锦粼云荟,杭州锦瑜置业有限公司,售罄,127万/套,底商
华家印月,未知开发商,售罄,价格待定,商业类
杭望云潮城,杭州融扬房地产开发有限公司,售罄,315万/套,住宅
湖印光年府,杭州万沙置业有限公司,售罄,256万/套,住宅
融信傲世邸,杭州融昕置业有限公司,售罄,547.61万/套,住宅
臻奥院,杭州信达奥体置业有限公司,售罄,1200万/套,商业类
滨江望品,浙江中豪房屋建设开发有限公司,售罄,700万/套,住宅
滨望雅庭,杭州滨信置业有限公司,售罄,350万/套,住宅
溪悦云和园,杭州西誉置业有限公司,售罄,300万/套,住宅
春题杭玥府,杭州瑞进合能房地产开发有限公司,售罄,价格待定,商业类
君铂府,未知开发商,售罄,145.5万/套,住宅
前湾畅想江澜湾,未知开发商,售罄,价格待定,别墅
星潮映象府,杭州瑞诚兴联置业有限公司,售罄,45000元/㎡,住宅
众安蒲荷芸邸,杭州众安瑞祥房地产开发有限公司,售罄,467万/套,住宅
德信银城阅湖之宸,杭州银沣房地产开发有限责任公司,售罄,267万/套,住宅
春来雅庭,杭州绿城浙芷置业有限公司,售罄,324万/套,住宅
滨江望涛月明,杭州滨胜房地产开发有限公司,售罄,37500元/㎡,住宅
东原东傲城,杭州东望房地产开发有限公司,售罄,160万/套,住宅
招商蛇口花屿观澜里,杭州潮悦房地产开发有限公司,售罄,390万/套,住宅
绿城云栖燕庐,杭州绿城浙超置业有限公司,售罄,200万/套,住宅
绿城云栖燕庐,杭州绿城浙超置业有限公司,售罄,330万/套,别墅
电建悦安府,杭州泛悦置业有限公司,售罄,350万/套,住宅
电建悦安府,杭州泛悦置业有限公司,售罄,600万/套,别墅
绿城沐春明月,杭州浙行置业有限公司,售罄,400万/套,住宅
百富联合国际奥体之星,浙江百富建设集团有限公司,售罄,价格待定,商业类
宋都如意云境,杭州轩都房地产开发有限公司,售罄,250万/套,住宅
河语光年府,杭州万懿置业有限公司,售罄,410万/套,住宅
中铁诺德雅逸府,中铁诺德（杭州）置业有限公司,售罄,200万/套,底商
绿城湖上春风里,杭州绿城浙佑置业有限公司,售罄,400万/套,住宅
天珏华庭,寰华房地产（杭州）有限公司,售罄,55134元/㎡,住宅
天珏华庭,寰华房地产（杭州）有限公司,售罄,价格待定,别墅
复地绿城月映咏荷园,杭州复禹置业有限公司,售罄,218万/套,住宅
绿城潮听明月,杭州浙谦置业有限公司,售罄,560万/套,住宅
滨江潮听映月,杭州滨江房产集团股份有限公司,售罄,470.3万/套,住宅
天瑄城,杭州龙悦有限公司,售罄,320万/套,住宅
栖江揽月轩,杭州滨兴实业有限公司,售罄,1000万/套,住宅
观翠揽月轩,杭州滨甬实业有限公司,售罄,698.9-1003.59万/套,住宅
蓝城陶然里,杭州之一房地产开发有限公司,售罄,价格待定,商业类
海潮望月城,杭州滨来置业有限公司,售罄,1950万/套,住宅
绿城沁桂轩,杭州绿城宁欣置业有限公司,售罄,396万/套,住宅
绿城咏桂里,杭州浙茵置业有限公司,售罄,373万/套,住宅
风荷叠翠府,杭州新黄浦滨致房地产开发有限公司,售罄,164万/套,住宅
华城茶语华邸,杭州华城房地产开发有限公司,售罄,775万/套,别墅
德信碧桂园印江南,浙江德盛置业有限公司,售罄,价格待定,商业类
太合商业中心,杭州丰潭实业投资有限公司,售罄,价格待定,商业类
月咏新辰轩,杭州凤溪置业有限公司,售罄,350万/套,住宅
柳浪东苑,未知开发商,售罄,价格待定,住宅
憬天国际名座,未知开发商,售罄,76万/套,商业类
萧然之芯,未知开发商,售罄,价格待定,商业类
阳光城檀悦,杭州泓璟达房地产开发有限公司,售罄,价格待定,底商
九龙仓君廷,锦兴房地产开发（杭州）有限公司,售罄,价格待定,别墅
柏润国际花园,未知开发商,售罄,价格待定,住宅
东方御府,杭州和祥房地产有限公司,售罄,价格待定,住宅
西溪永乐城,杭州鑫瑞置业有限公司,售罄,价格待定,住宅
万科大都会79号, 杭州万霆置业有限公司,售罄,价格待定,住宅
越秀星汇尚城,杭州越隽房地产开发有限公司,售罄,价格待定,住宅
奥克斯缔逸城,杭州余杭奥克斯古墩置业有限公司,售罄,价格待定,住宅
赞成龙兴道一号,杭州金泽房地产开发有限公司 ,售罄,价格待定,住宅
中旅紫金名门,浙江港中旅置业有限公司,售罄,价格待定,住宅
钱塘大观,浙江和创置业有限公司 ,售罄,28000元/㎡,住宅
昆仑华府,杭州宝仑房地产开发有限公司 ,售罄,价格待定,住宅
理想康城一品,杭州康源置业有限公司,售罄,价格待定,住宅
和昌云潮,和昌地产集团有限公司,售罄,价格待定,底商
万科缦云坊,浙江南都置业有限公司,售罄,价格待定,别墅
宝嘉誉府,杭州宝旭房地产开发有限公司,售罄,价格待定,住宅
绿城莲园,浙江昆源房地产开发有限公司,售罄,价格待定,住宅
和昌云潮,和昌地产集团有限公司,售罄,价格待定,商业类
大江东宝龙广场,宝龙星创实业（杭州）有限公司,售罄,16200元/㎡,住宅
武林外滩,杭州天城房地产开发有限公司,售罄,价格待定,住宅
大美公寓,杭州南苑房地产开发有限公司 ,售罄,价格待定,住宅
富力十号一期,杭州品富房地产开发有限公司,售罄,价格待定,住宅
中海御道,杭州中海宏鲲房地产有限公司,售罄,价格待定,住宅
耀达金鼎华庭,杭州云禾置业有限公司,售罄,价格待定,住宅
宝嘉誉峰,杭州宝嘉房地产开发有限公司,售罄,价格待定,住宅
绿都御景蓝湾,未知开发商,售罄,价格待定,住宅
锦润公寓,未知开发商,售罄,价格待定,住宅
滨江西溪之星,杭州普特房地产开发有限公司,售罄,价格待定,住宅
中南白马湖壹号,杭州中南嘉伟置业有限公司,售罄,价格待定,住宅
九龙仓君玺,九龙仓（杭州）置业有限公司,售罄,价格待定,住宅
复地黄龙和山,未知开发商,售罄,价格待定,商业类
钱江御府,杭州天祥房地产有限公司,售罄,价格待定,住宅
景瑞申花郡,杭州嘉恒房地产开发有限公司,售罄,255万/套,住宅
新湖武林国际公寓,杭州新湖明珠置业有限公司 ,售罄,价格待定,住宅
融创大家侯潮府, 杭州融创大家房地产开发有限公司 ,售罄,价格待定,住宅
融创河滨之城雨澜轩,未知开发商,售罄,价格待定,住宅
富力西溪悦居,杭州富力房地产开发有限公司,售罄,价格待定,住宅
金地艺境,杭州褐石房地产开发有限公司  ,售罄,价格待定,住宅
合景天峻,杭州弘竣房地产开发有限公司,售罄,价格待定,住宅
三盛颐景御园,杭州铭瑞房地产开发有限公司 ,售罄,价格待定,别墅
协安紫郡,浙江运河协安置业有限公司,售罄,价格待定,住宅
融信杭州公馆,杭州融信恺昇房地产开发有限公司,售罄,价格待定,住宅
万科未来城二期,杭州万鼎置业有限公司,售罄,价格待定,住宅
中旅城仕公馆,港中旅成得（杭州）置业有限公司,售罄,价格待定,住宅
中梁百悦城,未知开发商,售罄,价格待定,住宅
合景叠彩园,杭州合景房地产开发有限公司,售罄,价格待定,别墅
广大融城印象,杭州融城置业有限公司,售罄,价格待定,住宅
滨江西溪明珠,未知开发商,售罄,价格待定,别墅
宋都晨光国际,杭州恒都房地产开发有限公司,售罄,价格待定,住宅
凯德湖墅,凯德新业（杭州）房地产开发有限公司,售罄,价格待定,住宅
融创金成英特学府,杭州都成置业有限公司,售罄,价格待定,住宅
绿地旭辉城,杭州拓江置业有限公司,售罄,价格待定,住宅
万泰城章,杭州万凯置业有限公司,售罄,价格待定,住宅
融创富春壹号院,杭州富阳融创置业有限公司,售罄,价格待定,住宅
赞成乐山红叶,杭州赞成置业有限公司,售罄,价格待定,住宅
蓝色嘉园,杭州金凌置业有限公司,售罄,价格待定,住宅
赞成乐山红叶,杭州赞成置业有限公司,售罄,1080万/套,别墅
东渡酩悦,杭州东渡房地产开发有限公司,售罄,200万/套,商业类
世茂智慧之门,杭州世茂瑞盈置业有限公司 ,售罄,价格待定,商业类
