价格,付款人数,商品名,店铺,地点
¥36.00,0人付款,美肤宝新款50倍防晒喷雾防汗防紫外线透明女夏全身通用官方旗舰店,19880602cib,湖南 长沙
¥54.00,0人付款,美肤宝防晒霜新款50倍防紫外线面部美白隔离遮瑕三合一官方旗舰店,19880602cib,湖南 长沙
¥54.00,54人付款,泰版Mistine蜜丝婷清爽物理防晒霜敏感肌夏季面部身体防紫外线女,tb730070621,浙江 杭州
¥109.00,2万+人付款,纽西之谜隔离霜 妆前乳女 打底修饰肌肤隐形毛孔水凝清润官方正品,geoskincare纽西之谜旗舰店,
¥890.00,6000+人付款,【618立即抢购】兰蔻菁纯防晒 SPF50+轻盈养肤级霜 乳UV,lancome兰蔻官方旗舰店,
¥219.00,1万+人付款,【618】OLAY玉兰油小白伞防晒霜焕白妆前面部隔离霜身体保湿夏季,olay官方旗舰店,江苏 苏州
¥540.00,1万+人付款,【618狂欢】肌肤之钥CPB长管隔离 光凝润采妆前霜自然裸妆,肌肤之钥官方旗舰店,
¥305.00,2万+人付款,【618立即抢购】欧莱雅金致臻颜牡丹防晒霜隔离霜防紫外线防晒乳,欧莱雅官方旗舰店,
¥269.00,1000+人付款,Shiseido资生堂蓝胖子防晒霜女面部夏季户外防晒乳50ml正品,天猫国际妙颜社,浙江 杭州
¥620.00,2000+人付款,【618现货抢购】娇韵诗轻透防晒UV隔离乳双支套装紫外线防护,法国娇韵诗官方旗舰店,
¥59.00,1万+人付款,【上新】美康粉黛防晒霜女隔离美白不油腻清爽敏感肌油皮防紫外线,美康粉黛旗舰店,江苏 淮安
¥89.00,6000+人付款,【正品自营】香蒲丽防晒霜防紫外线隔离清爽敏肌夏季防晒乳60ml,天猫国际进口超市,
¥152.00,4000+人付款,【国内现货】ANESSA安热沙宝宝防晒乳防晒霜安耐晒户外面部,天猫国际进口超市,
¥139.00,5000+人付款,【升级小绿管】ALLIE皑丽3.0水润倍护防晒面部嘉娜宝防晒40g,allie皑丽官方旗舰店,
¥209.00,4000+人付款,【618现货开抢】SOFINA苏菲娜防晒霜保湿清爽防紫外线蓝朋友,sofina苏菲娜官方旗舰店,
¥210.00,4000+人付款,【限时加赠】黛珂多重防晒乳霜防护隔离紫外线养肤贴妆spf50+,黛珂官方旗舰店,浙江 嘉兴
¥480.00,4万+人付款,【618立即抢购】兰蔻小白管UV 隔离防晒霜SPF50 长效保湿防晒乳,lancome兰蔻官方旗舰店,
¥179.00,5000+人付款,【618现货开抢】SOFINA苏菲娜隔离霜妆前乳打底防晒三合一日版,sofina苏菲娜官方旗舰店,
¥149.00,3万+人付款,【618抢先购买】欧莱雅小金管防晒霜隔离霜防紫外线防晒乳SPF50+,欧莱雅官方旗舰店,
¥149.00,10万+人付款,【618立即抢购】欧莱雅防晒小金管隔离防晒霜清爽防紫外线SPF50+,欧莱雅官方旗舰店,
¥540.00,2000+人付款,【618狂欢】肌肤之钥CPB哑光长管 隐饰毛孔妆前乳防晒,肌肤之钥官方旗舰店,
¥209.00,2000+人付款,fancl/芳珂防晒霜防晒 防晒乳物理隔离隔离乳 隔离霜女面部SPF50+,天猫国际妙颜社,浙江 杭州
¥540.00,1000+人付款,【618狂欢】肌肤之钥CPB隔离妆前霜 光凝润采长管防晒B,肌肤之钥官方旗舰店,
¥75.00,9000+人付款,Za隔离霜防晒姬芮妆前打底乳素颜霜遮瑕三合一美白妆前乳正品35g,天猫超市,上海
¥199.00,3000+人付款,黛珂防晒霜多重防晒乳女面部隔离霜防水防紫外线SPF50+轻薄不油腻,天猫国际妙颜社,浙江 杭州
¥79.00,6000+人付款,【618抢购】美宝莲纽约巨遮瑕BB霜持久滋润保湿裸妆粉底霜,美宝莲旗舰店,广东 广州
¥89.90,5000+人付款,欧诗漫防晒珍珠零感美白防晒霜隔离女面部防轻薄化妆品正品SPF50,欧诗漫旗舰店,浙江 湖州
¥219.00,2000+人付款,【618立即抢购】兰芝水光修颜隔离霜妆前乳遮瑕保湿防晒三合一,兰芝官方旗舰店,浙江 嘉兴
¥179.00,4000+人付款,彩棠TIMAGE妆前乳隔离霜女打底修饰肌肤提亮肤色隐匿毛孔瑕疵服帖,彩棠旗舰店,浙江 杭州
¥590.00,1000+人付款,618顺丰速达 TOM FORD汤姆福特柔雾妆前乳TF控油妆前乳隐毛孔,tomford汤姆福特旗舰店,
¥129.00,3000+人付款,ISDIN怡思丁抗光老防晒霜 女夏季面部防紫外线隔离学生抗老白金管,isdin官方海外旗舰店,
¥99.00,9000+人付款,纽西之谜隔离霜 妆前乳女 打底修饰肌肤隐形毛孔水凝清润官方正品,geoskincare纽西之谜旗舰店,
¥169.00,4000+人付款,【618抢购】蒂佳婷银管BB霜隔离防晒遮瑕提亮持久不脱妆40ml,drjart蒂佳婷官方旗舰店,
¥128.00,7000+人付款,[徐璐推荐]自然堂科考级防晒小金伞亲肤养肤防紫外线光老,自然堂旗舰店,浙江 嘉兴
¥59.00,8000+人付款,Mistine蜜丝婷小黄帽面部身体防晒霜乳防紫外线隔离40ml男女适用,天猫超市,上海
¥69.00,1万+人付款,美康粉黛小透明隔离霜学生平价妆前乳女打底保湿遮瑕素颜提亮肤色,美康粉黛旗舰店,江苏 淮安
¥129.00,3万+人付款,WIS美白防晒霜喷雾 夏季全身隔离脸面部防水防紫外线官方正品女男,wis旗舰店,广东 广州
¥298.00,5000+人付款,菲古思身体防晒霜乳诗男女士专用学生防紫外线隔离官方正品旗舰店,菲古思旗舰店,广东 广州
¥228.00,2000+人付款,【香港直邮】日本本土cpb肌肤之钥隔离防晒霜长管妆前乳遮瑕控油,又又0124,香港 新界
¥59.90,3万+人付款,檀健次同款柳丝木防晒霜乳spf50+女面部美白防紫外线学生旗舰,柳丝木旗舰店,广东 广州
¥55.00,2万+人付款,碧柔防晒霜女士专用防晒乳隔离面部男学生军训清爽旗舰店官网正品,西选海外旗舰店,浙江 宁波
¥328.00,4000+人付款,Tizo2物理防晒霜女面部防紫外线隔离清爽油皮敏感肌孕妇可用SPF40,tizo海外旗舰店,广东 广州
¥99.00,3万+人付款,兰芝隔离霜防晒遮瑕三合一紫色打底雪纱妆前乳旗舰店官网官方正品,akplaza海外旗舰店,
¥58.00,1万+人付款,防晒霜防紫外线隔离脸部面部保湿不腻男女专用官方旗舰店正品品牌,儒意化妆品旗舰店,
